上位のページ,クリック数,表示回数,CTR,掲載順位
https://joseikin-insight.com/,22,110,20%,5.25
https://joseikin-insight.com/grants/【2025年版】認定看護師の資格取得支援補助金とは/,10,90,11.11%,4.17
https://joseikin-insight.com/grants/令和7年度-東京都-訪問系介護サービス事業所-防犯/,10,54,18.52%,4.44
https://joseikin-insight.com/grants/【2025年】東京23区の認証保育所保育料補助金｜最大/,7,58,12.07%,4.57
https://joseikin-insight.com/grants/【大阪府】大学生等若者への食費支援事業｜7000円/,6,70,8.57%,11.33
https://joseikin-insight.com/grants/東京都-子供の未来を育む「体験活動」推進事業｜/,6,25,24%,3.44
https://joseikin-insight.com/grants/【東京都】医療機関向けpmh接続補助金｜国の制度/,5,82,6.1%,6.93
https://joseikin-insight.com/grants/【2025年】燃料電池フォークリフト導入補助金｜最-5/,5,51,9.8%,4.76
https://joseikin-insight.com/grants/【7000円相当】大阪府大学生等食費支援事業｜申請/,5,34,14.71%,6.85
https://joseikin-insight.com/grants/令和7年度-steam教育普及促進事業【最大600万円】/,5,29,17.24%,3.79
https://joseikin-insight.com/grants/サステナブル倉庫モデル促進事業：co2削減と省人-2/,5,21,23.81%,6.71
https://joseikin-insight.com/grants/【2025年-令和7年度】小牧市住宅用地球温暖化対策設/,4,284,1.41%,9.25
https://joseikin-insight.com/grants/東京都電子処方箋導入支援補助金：医療機関向け/,4,219,1.83%,7.38
https://joseikin-insight.com/grants/【2025年-令和7年度】東京都の居宅介護支援事業所事/,4,180,2.22%,5.03
https://joseikin-insight.com/grants/【2025年開始】こども誰でも通園制度｜利用条件・-2/,4,77,5.19%,7.62
https://joseikin-insight.com/grants/【令和7年度】排出削減困難産業gx投資支援事業を/,4,75,5.33%,8.83
https://joseikin-insight.com/grants/在宅医療現場における防犯機器等導入支援事業/,4,68,5.88%,4.99
https://joseikin-insight.com/grants/【2025年度】東京都-介護支援専門員ケアマネ研修費/,4,68,5.88%,7.1
https://joseikin-insight.com/grants/【東京都】令和6年度-薬物乱用防止ポスター・標語/,4,64,6.25%,8.81
https://joseikin-insight.com/grants/令和7年度-再生医療cdmo補助金：製造設備投資を支援/,4,54,7.41%,6.91
https://joseikin-insight.com/grants/【2025年】大田区住まいの防犯対策緊急補助金｜最-4/,4,49,8.16%,6.04
https://joseikin-insight.com/grants/【2025年最新】横浜市の妊婦健診費用助成金｜5万円/,4,42,9.52%,6.9
https://joseikin-insight.com/grants/インド人材雇用促進補助金2025-企業向け最大1500万円/,4,40,10%,6
https://joseikin-insight.com/grants/【2025年度】建設業dx推進支援助成金｜最大200万円！バ/,4,40,10%,7.53
https://joseikin-insight.com/grants/【令和8年度】文化庁の補助金・助成金一覧！文化/?PageSpeed=noscript,4,32,12.5%,8.53
https://joseikin-insight.com/grants/【2025年】akatsukiプロジェクトとは？若手it人材向け育成/,4,26,15.38%,7.31
https://joseikin-insight.com/grants/【2025年版】秋田県の省エネ家電補助金！最大10万円/,3,272,1.1%,7.33
https://joseikin-insight.com/grants/渋谷区スタートアップ・ベンチャー支援補助金/,3,249,1.2%,3.45
https://joseikin-insight.com/grants/【豊橋市】均等割のみ課税世帯支援給付金10万円｜/,3,212,1.42%,7.43
https://joseikin-insight.com/grants/【2025年最新】福岡県・九州のev補助金を徹底解説！/,3,137,2.19%,5.53
https://joseikin-insight.com/grants/【武蔵野市】住まいの防犯対策補助金｜最大5万-3/,3,116,2.59%,7.16
https://joseikin-insight.com/grants/【令和8年度】文化庁の補助金・助成金一覧！文化/,3,92,3.26%,9.22
https://joseikin-insight.com/grants/【2025年】感震ブレーカー設置補助金｜最大5万円！/,3,82,3.66%,1.66
https://joseikin-insight.com/grants/【2025年】埼玉県電気自動車ev補助金は最大40万円！申/,3,80,3.75%,5.46
https://joseikin-insight.com/grants/【兵庫県】医療機関向け生産性向上支援事業｜ict/?PageSpeed=noscript,3,70,4.29%,8.44
https://joseikin-insight.com/grants/【2025年版】省エネルギー設備投資利子補給金を徹/,3,66,4.55%,6.02
https://joseikin-insight.com/grants/【最大3万円】杉並区の防犯機器購入補助金を徹底/,3,58,5.17%,6.97
https://joseikin-insight.com/grants/【2025年版】禁煙外来の助成金は上限1万円！費用を/,3,56,5.36%,7.8
https://joseikin-insight.com/grants/【2025年最新】桜川市の助成金・補助金一覧！創業/,3,56,5.36%,19.04
https://joseikin-insight.com/grants/サステナブル倉庫モデル促進事業（zeb化・省co2化普/,3,51,5.88%,7.53
https://joseikin-insight.com/grants/【千葉県】中小企業の奨学金返還支援補助金｜年/,3,51,5.88%,8.31
https://joseikin-insight.com/grants/【2025年版】双子・三つ子家庭必見！多胎児家庭支/,3,49,6.12%,3.45
https://joseikin-insight.com/grants/【杉並区】こども誰でも通園制度（乳児等通園支-3/,3,49,6.12%,6.53
https://joseikin-insight.com/grants/【2025年】泉大津市の幼児2人同乗用自転車補助金｜/,3,48,6.25%,2.9
https://joseikin-insight.com/grants/令和7年度-携帯電話等エリア整備事業：通信環境を/,3,44,6.82%,4.66
https://joseikin-insight.com/grants/【2025年】豊田市結婚新生活支援補助金｜最大60万円/,3,43,6.98%,6.91
https://joseikin-insight.com/grants/【ss事業者必見】全国石油協会の設備投資補助金-2/,3,43,6.98%,7.84
https://joseikin-insight.com/grants/【2025年-令和7年度】埼玉県電気自動車ev補助金｜最大4-2/,3,42,7.14%,6.21
https://joseikin-insight.com/grants/【2025年版】上越市まちなか居住推進事業補助金｜/,3,42,7.14%,15.02
https://joseikin-insight.com/grants/【2025年-東久留米市】防犯機器設置費補助金｜最大2/,3,40,7.5%,5.72
https://joseikin-insight.com/grants/【2025年】環境省のペロブスカイト太陽電池導入補-2/,3,39,7.69%,6.62
https://joseikin-insight.com/grants/【最大30万円】進学・就職準備給付金とは？生活保/,3,39,7.69%,8.56
https://joseikin-insight.com/grants/東京都医療機関等物価高騰緊急対策支援金（令和-2/,3,37,8.11%,6.76
https://joseikin-insight.com/grants/【令和7年度】埼玉県電気自動車補助金｜最大40万/,3,35,8.57%,3.69
https://joseikin-insight.com/grants/【2025年5月7日締切】経産省「国際標準化推進事業」-2/,3,32,9.38%,6.62
https://joseikin-insight.com/grants/【新潟県】外国人留学生獲得支援事業補助金｜最/,3,29,10.34%,7
https://joseikin-insight.com/grants/【最大1億円】災害用lpガス設備導入補助金｜社会/,3,26,11.54%,2.92
https://joseikin-insight.com/grants/【2025年度】原子力研究開発・産業強化の補助金・/,3,26,11.54%,5.15
https://joseikin-insight.com/grants/【石川県】感震ブレーカー設置促進補助金｜電気/,3,26,11.54%,7.27
https://joseikin-insight.com/grants/グローバルサウス未来志向型共創等事業費補助金-4/,3,26,11.54%,13.58
https://joseikin-insight.com/grants/【令和7年度版】埼玉県の農業補助金・支援事業ま/,3,25,12%,5.8
https://joseikin-insight.com/grants/【2025年度】前橋市の事業者向け補助金6選！創業・-2/,3,22,13.64%,6.23
https://joseikin-insight.com/grants/【2025年】伊豆市省エネ家電購入費補助金で最大5万/,3,21,14.29%,4.43
https://joseikin-insight.com/grants/【2024年最新】全国の貸切バス助成金一覧！団体・-2/,3,21,14.29%,7.19
https://joseikin-insight.com/grants/【2024年】経済産業省「高等教育機関における共同/,3,19,15.79%,7.05
https://joseikin-insight.com/grants/【2025年度】東京都プライバシーマークpマーク取得/,3,17,17.65%,3.53
https://joseikin-insight.com/grants/災害時給油所向け燃料備蓄促進支援事業（2025年）/,3,16,18.75%,8.56
https://joseikin-insight.com/grants/【杉並区】給食費相当給付金2025：国立・私立小中-2/,3,14,21.43%,4.71
https://joseikin-insight.com/grants/【2025年】東京都重症心身障害児等在宅レスパイト-4/,3,13,23.08%,7.92
https://joseikin-insight.com/grants/【2025年最新】北海道枝幸町の助成金・補助金一覧-2/,3,13,23.08%,14.23
https://joseikin-insight.com/grants/【東京都】0歳から2歳の児童発達支援が無償化！利/,3,11,27.27%,8.55
https://joseikin-insight.com/grants/【福岡県直方市】農業経営の持続化を支援！最大20/,3,7,42.86%,5
https://joseikin-insight.com/grants/【2025年】文化庁の補助金・助成金まとめ｜令和7年/,2,254,0.79%,6.58
https://joseikin-insight.com/grants/【最大1-2補助】総務省「地域デジタル基盤活用推/,2,232,0.86%,6.26
https://joseikin-insight.com/grants/中小企業・個人事業主向け省エネ補助金情報（sii/,2,218,0.92%,8.46
https://joseikin-insight.com/grants/【2025年】岡崎市防犯用具購入費補助金｜最大15000円の/,2,136,1.47%,6.08
https://joseikin-insight.com/grants/【令和7年度】東京都の防犯カメラ補助金！個人宅/,2,133,1.5%,7.62
https://joseikin-insight.com/grants/【令和7年度】愛知県電子処方箋導入補助金｜医療/,2,130,1.54%,5.91
https://joseikin-insight.com/grants/【2025年度】福岡県・九州のev補助金一覧！電気自動/,2,121,1.65%,4.17
https://joseikin-insight.com/grants/【2024年度】総務省-地域デジタル基盤活用推進事業/,2,109,1.83%,7.17
https://joseikin-insight.com/grants/【2025年版】北海道の観光補助金・助成金78選！目的/,2,101,1.98%,4.12
https://joseikin-insight.com/grants/【公募終了】gxサプライチェーン構築支援事業とは/,2,94,2.13%,6.97
https://joseikin-insight.com/grants/【2025年千代田区】物価高騰対策区民生活支援事業-2/,2,94,2.13%,10.6
https://joseikin-insight.com/grants/【2025年千代田区】物価高騰対策区民生活支援事業/,2,93,2.15%,9.76
https://joseikin-insight.com/grants/【荒川区】令和7年度新エコ助成事業｜省エネ設-2/,2,93,2.15%,11.48
https://joseikin-insight.com/column/【東京おこめクーポン】対象者・申請方法をプロ/,2,92,2.17%,8.76
https://joseikin-insight.com/grants/【2025年開始】こども誰でも通園制度｜利用条件・/,2,89,2.25%,9.07
https://joseikin-insight.com/grants/【最大5億円】グローバルサウス未来志向型共創等/,2,88,2.27%,8.88
https://joseikin-insight.com/grants/【2025年堺市】定額減税不足額給付金｜最大4万円の/,2,84,2.38%,7.39
https://joseikin-insight.com/grants/【2025年】中野区防犯機器等購入補助金｜最大3万円/,2,67,2.99%,7.7
https://joseikin-insight.com/grants/【2025年版】タクシー・バスのev導入補助金！商用車/,2,66,3.03%,5.35
https://joseikin-insight.com/grants/【杉並区】こども誰でも通園制度（乳児等通園支-4/,2,65,3.08%,6.14
https://joseikin-insight.com/grants/【2025年最新】医療・介護事業者向け補助金一覧！-3/,2,61,3.28%,5.61
https://joseikin-insight.com/grants/co2排出削減困難な産業向け支援事業：製造プロセ/,2,60,3.33%,7.93
https://joseikin-insight.com/grants/【2025年】目黒区感震ブレーカー設置助成金｜最大8-3/,2,56,3.57%,5.32
https://joseikin-insight.com/grants/【令和7年度】東京都フリースクール等利用料助成/,2,54,3.7%,7.17
https://joseikin-insight.com/grants/【最大7億円】福島県地域復興実用化開発等促進-4/,2,51,3.92%,5.1
https://joseikin-insight.com/grants/【2025年度最新】全国の貸切バス助成金・補助金一/,2,49,4.08%,7.49
https://joseikin-insight.com/grants/【板橋区】令和7年度生活支援臨時給付金（不足-3/,2,46,4.35%,9.35
https://joseikin-insight.com/grants/【札幌市】小型除雪機購入費補助金（令和7年度-2/,2,44,4.55%,4.41
https://joseikin-insight.com/grants/【江戸川区】えどがわママパパ応援隊｜家事・育-3/,2,44,4.55%,6.93
https://joseikin-insight.com/grants/【令和7年度】葛飾区「かつしかエコ助成金（事業/,2,44,4.55%,13.43
https://joseikin-insight.com/grants/【2025年開始】こども誰でも通園制度とは？月10時間-2/,2,42,4.76%,8.24
https://joseikin-insight.com/grants/滋賀県電子処方箋導入促進補助金（令和7年度）：/,2,41,4.88%,6.05
https://joseikin-insight.com/grants/【2025-2026年】三郷市省エネ家電補助金で一律8万円！エ/,2,41,4.88%,6.51
https://joseikin-insight.com/grants/【2025年文京区】新エネルギー・省エネ設備設置費-3/,2,41,4.88%,11.24
https://joseikin-insight.com/grants/【2025年釧路市】空き店舗等活用促進事業補助金｜/,2,40,5%,7.72
https://joseikin-insight.com/grants/【2025年】フリースクール補助金ガイド｜月額最大2/,2,40,5%,11.93
https://joseikin-insight.com/grants/【2025年度】トラック安全装置導入助成金｜バック/,2,39,5.13%,6.41
https://joseikin-insight.com/grants/【2025年】最大2000万円！水力発電導入加速化事業費補/,2,39,5.13%,6.59
https://joseikin-insight.com/grants/ケーブルテレビネットワーク耐災害性強化事業：/,2,37,5.41%,5.16
https://joseikin-insight.com/grants/【福井市】高齢者世帯の防犯対策に最大2万円！-3/,2,37,5.41%,5.86
https://joseikin-insight.com/grants/【2025年最新】足立区介護職員資格取得支援助成金/,2,36,5.56%,6.67
https://joseikin-insight.com/grants/【2025年度版】兵庫県の次世代自動車補助金一覧！ev-2/,2,35,5.71%,5.71
https://joseikin-insight.com/grants/【兵庫県】医療機関向け生産性向上・職場環境整/,2,33,6.06%,7.48
https://joseikin-insight.com/grants/【2025年】東京都電子処方箋導入促進補助金｜医療/,2,33,6.06%,8.64
https://joseikin-insight.com/grants/グローバルサウス補助金最新情報-令和6年度補正-2/,2,31,6.45%,7.87
https://joseikin-insight.com/about/,2,30,6.67%,26.4
https://joseikin-insight.com/grants/令和7年度愛知県電子処方箋活用普及促進事業費補/,2,29,6.9%,6.24
https://joseikin-insight.com/grants/【2025-2026年】知多市省エネ家電補助金｜最大3万円！エ/,2,28,7.14%,4.75
https://joseikin-insight.com/grants/【2025年-令和7年度】埼玉県電気自動車ev補助金｜最大4/,2,28,7.14%,6.75
https://joseikin-insight.com/grants/co2排出削減困難な産業向け支援事業エネルギー・-2/,2,28,7.14%,7.39
https://joseikin-insight.com/grants/地域大学インキュベーション・産学融合拠点整備/,2,28,7.14%,8.29
https://joseikin-insight.com/grants/【公募終了】gxサプライチェーン構築支援事業と-2/,2,27,7.41%,6.7
https://joseikin-insight.com/grants/【大阪府】子ども食費支援事業第4弾｜1人7000円相当-4/,2,26,7.69%,8.69
https://joseikin-insight.com/grants/【2025年10月募集】下呂市の地域活性化を支援！地域/,2,24,8.33%,7.67
https://joseikin-insight.com/grants/【2025年】愛知県-飼料価格高騰対策支援事業｜畜産/,2,23,8.7%,6
https://joseikin-insight.com/grants/【2025-10-31締切】次期航空機開発等支援事業（サプラ-3/,2,22,9.09%,8.05
https://joseikin-insight.com/grants/【2025年最新】危険木伐採補助金まとめ｜自宅の倒/,2,21,9.52%,5.05
https://joseikin-insight.com/grants/【2025年度版】大牟田市起業家支援事業費補助金｜-3/,2,21,9.52%,5.71
https://joseikin-insight.com/grants/【2025年】防犯灯維持管理費補助金ガイド｜電気代/,2,21,9.52%,7.9
https://joseikin-insight.com/grants/【世田谷区】定額減税を補足する給付金（不足額/,2,20,10%,7.4
https://joseikin-insight.com/grants/【2025年】いすみ市エネルギー価格高騰対策支援補-2/,2,19,10.53%,7.26
https://joseikin-insight.com/grants/【最大1-5億円】愛知県一宮市の工場新設等を支援/,2,18,11.11%,5.61
https://joseikin-insight.com/grants/【2025年度】学校給食代替費補助金とは？アレルギ/,2,18,11.11%,6.89
https://joseikin-insight.com/grants/【石巻市】陸上養殖システム導入支援事業を徹底/,2,18,11.11%,8.56
https://joseikin-insight.com/grants/【2025年】燃料電池フォークリフト導入補助金環境/,2,17,11.76%,3.24
https://joseikin-insight.com/grants/【2024年最新】省エネ診断でコスト削減！中小企業-2/,2,17,11.76%,11.71
https://joseikin-insight.com/grants/【2025年】感震ブレーカー設置助成金｜最大10万円！-2/,2,17,11.76%,16.82
https://joseikin-insight.com/grants/【2025年】フリースクール等利用支援補助金｜不登/,2,16,12.5%,11.25
https://joseikin-insight.com/grants/【2025年版】東松山市の子育て支援金・助成金一覧/,2,16,12.5%,12.44
https://joseikin-insight.com/grants/【2025年】登米市街なみ景観整備事業補助金｜最大300/,2,16,12.5%,36.06
https://joseikin-insight.com/grants/令和7年度-農業6次産業化推進助成【最大800万円】/,2,15,13.33%,4.6
https://joseikin-insight.com/grants/令和7年度-医療機器等事業化支援事業【最大5000万円/,2,15,13.33%,5.8
https://joseikin-insight.com/grants/【2025年-岸和田市】移動支援・日中一時支援事業｜/,2,15,13.33%,10.33
https://joseikin-insight.com/grant-tag/インド人材/,2,14,14.29%,2.64
https://joseikin-insight.com/grants/【座間市】住宅の防犯対策に最大2万円！住宅等防/,2,14,14.29%,5.21
https://joseikin-insight.com/grants/香川県中小企業向け令和7年度海外出願支援事業：/,2,14,14.29%,6.14
https://joseikin-insight.com/grants/【2025年】東京都商店街防災力向上緊急支援事業｜-2/,2,14,14.29%,6.64
https://joseikin-insight.com/grants/【2025年最新】豊島区産後ドゥーラ利用助成金｜最-2/,2,14,14.29%,8.29
https://joseikin-insight.com/grants/【令和7年度】水力発電導入加速化事業費補助金｜/,2,13,15.38%,6.46
https://joseikin-insight.com/grants/ぐんま賃上げ促進支援金2025：最大200万円！申請方法/,2,13,15.38%,6.85
https://joseikin-insight.com/grants/【2025年度版】寝屋川市｜カラス対策に最大1万円！/,2,13,15.38%,7.08
https://joseikin-insight.com/grants/【2025年】公衆喫煙所設置助成金｜最大900万円！東京/,2,12,16.67%,5.08
https://joseikin-insight.com/grants/【大阪府】中小企業展示商談会出展支援事業｜最-4/,2,12,16.67%,5.58
https://joseikin-insight.com/grants/【2025年-幸田町】一般不妊治療費助成金｜最大5万円/,2,12,16.67%,5.75
https://joseikin-insight.com/grants/【2026年】三菱ufj信託地域文化財団助成金｜音楽・美/,2,12,16.67%,6.75
https://joseikin-insight.com/grants/【2025年】愛知県社会福祉施設物価高騰対策支援金/,2,12,16.67%,6.92
https://joseikin-insight.com/grants/【2024年版】宮城県大河原町の障害者福祉支援制度-3/,2,12,16.67%,7.17
https://joseikin-insight.com/grants/【刈谷市】家庭用防犯カメラ設置費補助金2025年｜-2/,2,11,18.18%,4.64
https://joseikin-insight.com/grants/令和7年度-スポーツツーリズム促進事業【最大600万/,2,11,18.18%,5.64
https://joseikin-insight.com/grants/【愛知県瀬戸市】最大110万円！空き店舗での開業/,2,11,18.18%,5.82
https://joseikin-insight.com/grants/【2025年版】岩国市の医療機関等物価高騰対策支援/,2,11,18.18%,7
https://joseikin-insight.com/grants/【令和7年度】豊予海峡交流圏交流促進事業費補助/,2,11,18.18%,7.09
https://joseikin-insight.com/grants/【2025年】東京都生産性向上補助金｜医療機関向け18-4/,2,11,18.18%,7.36
https://joseikin-insight.com/grants/【2025年】埼玉県特別高圧受電事業者等支援金｜電/,2,11,18.18%,7.55
https://joseikin-insight.com/grants/【2025年-令和7年度】茨城県カーボンニュートラル実/,2,10,20%,4.3
https://joseikin-insight.com/grants/【2025年度】東京都のmice助成金一覧！最大1-5億円で国際/,2,9,22.22%,4.89
https://joseikin-insight.com/grants/【2025年開始】bim活用省エネ建築設計助成金｜最大450-3/,2,9,22.22%,5.33
https://joseikin-insight.com/grants/【2025年】神戸市燃油価格高騰対策支援金｜バス・/,2,9,22.22%,5.67
https://joseikin-insight.com/grants/【豊中市】大人の発達障害支援「ら・ぷらす」と/,2,9,22.22%,6.67
https://joseikin-insight.com/grant-tag/デザイン経営/,2,8,25%,8.25
https://joseikin-insight.com/grants/【2025年度】篠栗町省エネ家電購入補助金｜最大8万/,2,7,28.57%,4.57
https://joseikin-insight.com/grants/【令和7年度】愛知県の医療機関向け設備補助金｜/,2,7,28.57%,5
https://joseikin-insight.com/grants/【2024年最新】開成町価格高騰重点支援給付金｜1世/,2,7,28.57%,5.57
https://joseikin-insight.com/grants/【2025年】豊川市高齢者交通料金助成事業｜バス回/,2,7,28.57%,5.86
https://joseikin-insight.com/grants/【豊中市】大人の発達障害支援事業「ら・ぷらす/,2,7,28.57%,7.14
https://joseikin-insight.com/grants/【2025年最新】両立支援等助成金（柔軟な働き方選/,2,5,40%,3.8
https://joseikin-insight.com/grants/【上越市】最大1500万円！担い手確保・経営強化支/,2,5,40%,6.4
https://joseikin-insight.com/grants/【2025-2026年】秦野市結婚新生活支援事業｜最大60万円！/,2,5,40%,8.2
https://joseikin-insight.com/privacy/,2,5,40%,32.8
https://joseikin-insight.com/grants/【2025年】袖ケ浦市企業振興奨励金｜最大2億円！設/,2,4,50%,4
https://joseikin-insight.com/grants/【2025年度版】五條市新規雇用就農者応援補助金｜/,2,4,50%,4.75
https://joseikin-insight.com/grants/【柳川市】特定不妊治療（先進医療）助成金｜最/,2,4,50%,5.5
https://joseikin-insight.com/grants/【2025年】青森県介護事業所内保育施設運営費補助/,2,3,66.67%,2.33
https://joseikin-insight.com/grants/【松田町】産後ケア応援助成金2025｜最大10万円！申/,2,3,66.67%,4.33
https://joseikin-insight.com/grants/令和7年度-商店街インバウンド対応支援事業【最大/,2,3,66.67%,5.33
https://joseikin-insight.com/grants/【2025年版】北海道枝幸町の事業者必見！助成金・/,2,3,66.67%,6.33
https://joseikin-insight.com/grant-tag/遊漁船/,2,3,66.67%,34
https://joseikin-insight.com/grants/【2025年】介護支援専門員研修受講料助成金｜東京/,2,2,100%,4
https://joseikin-insight.com/grants/令和7年度-経済産業省-フェムテック等サポートサ/,1,341,0.29%,6.05
https://joseikin-insight.com/grants/【2025年】八王子市エネルギー・物価高騰対策事業/,1,203,0.49%,4.23
https://joseikin-insight.com/grants/【令和7年再開】人材確保等支援助成金（雇用管理/,1,192,0.52%,5.28
https://joseikin-insight.com/grants/【熊本県】lpガス料金高騰対策事業者支援金（第4/,1,167,0.6%,13.32
https://joseikin-insight.com/grants/【東京都】医療機関向けai技術活用促進事業で最大/,1,144,0.69%,10
https://joseikin-insight.com/grants/令和7年度フェムテック等サポートサービス実証事/,1,140,0.71%,6.23
https://joseikin-insight.com/grants/令和7年度系統用蓄電池・水電解装置導入支援事業/,1,124,0.81%,7.06
https://joseikin-insight.com/grants/【渋谷区】ハッピーマザー出産助成金｜10万円受給/,1,114,0.88%,6.82
https://joseikin-insight.com/grants/【富山県】lpガス料金負担軽減支援事業費助成金（/,1,111,0.9%,25.78
https://joseikin-insight.com/grants/【2024年】jgrantsで海外展開補助金を探す方法を専門家が/,1,109,0.92%,6.51
https://joseikin-insight.com/grants/データセンターのゼロエミッション化・レジリエ-2/,1,106,0.94%,7.88
https://joseikin-insight.com/grants/【2025年度】福岡市空き家活用補助金を徹底解説！/,1,93,1.08%,4.35
https://joseikin-insight.com/grants/【東村山市】住まいの防犯機器購入補助金2025｜最-2/,1,85,1.18%,7.99
https://joseikin-insight.com/grants/【2025年】大田区住まいの防犯対策緊急補助金｜最-3/,1,85,1.18%,8.01
https://joseikin-insight.com/grants/【2025年】大阪府大学生等若者への食費支援事業｜7000-4/,1,85,1.18%,10.29
https://joseikin-insight.com/grants/東京都病院診療情報デジタル推進事業：医療連携-2/,1,81,1.23%,10.47
https://joseikin-insight.com/grants/令和7年度-商店街空き店舗活用事業【最大500万円】/,1,80,1.25%,5.64
https://joseikin-insight.com/grants/令和7年度-酒類業振興支援事業費補助金（第3期）/,1,74,1.35%,6.18
https://joseikin-insight.com/grants/【2025年-立川市】住まいの防犯対策緊急支援事業｜-3/,1,73,1.37%,7.92
https://joseikin-insight.com/grants/【2025年川越市】省エネ家電補助金で最大5万円！エ-2/,1,71,1.41%,7.39
https://joseikin-insight.com/grants/【2025年】経済産業省フェムテック補助金｜最大1000万-2/,1,69,1.45%,4.74
https://joseikin-insight.com/grants/【2025年】学校給食費相当額給付金：対象者・申請/,1,68,1.47%,7.41
https://joseikin-insight.com/grants/東京都住宅事業者向け感震ブレーカー購入費補助/,1,67,1.49%,9.09
https://joseikin-insight.com/grants/【2025年最新】千葉県市川市の事業者向け補助金・/?PageSpeed=noscript,1,64,1.56%,10.36
https://joseikin-insight.com/grants/【2025-26年】三郷市省エネ家電補助金｜エアコン・冷/,1,63,1.59%,7.79
https://joseikin-insight.com/grants/【2025年度】枚方市ひらかたゼロカーボン推進補助-4/,1,62,1.61%,5.65
https://joseikin-insight.com/grants/【金沢市】最大200万円！先端設備等導入促進事業/,1,60,1.67%,4.75
https://joseikin-insight.com/grants/【2025年】定額減税調整給付金（不足額給付）｜対-4/,1,59,1.69%,9.71
https://joseikin-insight.com/grants/【2025年度】武蔵野市住まいの防犯対策補助金｜最/,1,58,1.72%,7.67
https://joseikin-insight.com/grants/働き方改革推進支援助成金（団体推進コース）：/,1,57,1.75%,8.3
https://joseikin-insight.com/grants/【2025年最新】福岡県・九州のev補助金を徹底解説！-2/,1,56,1.79%,6.68
https://joseikin-insight.com/grants/中小企業・個人事業主向け省エネ補助金情報（sii-2/,1,56,1.79%,6.8
https://joseikin-insight.com/grants/【2025年】伊勢崎市-中小企業gx推進事業費補助金｜最/,1,56,1.79%,7.36
https://joseikin-insight.com/grants/【2025年最新】東村山市の太陽光・蓄電池補助金｜/,1,56,1.79%,9.95
https://joseikin-insight.com/grants/【2025年4月開始】妊婦支援給付金：5万円給付と相談/,1,55,1.82%,8.58
https://joseikin-insight.com/grants/【2025年版】自転車ヘルメット購入補助金｜最大2000円/,1,54,1.85%,9.72
https://joseikin-insight.com/grants/【2025年】野良猫の不妊去勢手術（tnr）補助金｜1頭最/,1,53,1.89%,2.64
https://joseikin-insight.com/grants/【2025年最新】需要家主導型太陽光発電導入促進事/,1,53,1.89%,7.58
https://joseikin-insight.com/grants/令和7年度東京都保健医療局-医療機関等支援事業/,1,52,1.92%,7.52
https://joseikin-insight.com/grants/【2024年最新】就労自立給付金とは？最大15万円！生/,1,52,1.92%,9.42
https://joseikin-insight.com/grants/【2025年最新】東京都高齢者向け助成金・補助金ま-4/,1,51,1.96%,11.75
https://joseikin-insight.com/grants/【2025年】農林水産省フードテックビジネス実証事/,1,50,2%,4.8
https://joseikin-insight.com/grants/【2025年】高齢者向け配食サービス（食の自立支援/,1,49,2.04%,2.33
https://joseikin-insight.com/grants/【2025年度】建設業dx推進助成金｜バックオフィス業/,1,49,2.04%,5.45
https://joseikin-insight.com/grants/【2025年度】新宿区の防犯カメラ設置に最大2万円！/,1,49,2.04%,7.78
https://joseikin-insight.com/grants/【港湾dx】遠隔操作rtg導入促進補助金を徹底解説！-2/,1,48,2.08%,5.9
https://joseikin-insight.com/grants/【令和7年度】東京都居宅介護支援事業所事務職員/,1,47,2.13%,5.98
https://joseikin-insight.com/grants/岡山県人手不足対策設備導入等支援補助金：中小/,1,46,2.17%,6.5
https://joseikin-insight.com/grants/令和７年度東京都医療ｄｘ人材育成支援事業/,1,45,2.22%,6.8
https://joseikin-insight.com/grants/電子処方箋導入支援：医療機関・薬局向け補助金/,1,45,2.22%,8.73
https://joseikin-insight.com/grants/燃料電池フォークリフト導入促進補助金（令和7年/,1,44,2.27%,5.66
https://joseikin-insight.com/grants/【2025年】愛知県-高校生等奨学給付金｜非課税世帯/,1,44,2.27%,7.5
https://joseikin-insight.com/grants/【2025年版】滋賀県の補助金・助成金一覧！農業・-2/,1,44,2.27%,9.36
https://joseikin-insight.com/grants/住居確保給付金2024：離職・休業者の家賃を最大9ヶ/,1,44,2.27%,9.55
https://joseikin-insight.com/grants/【2025年横浜市】定額減税補足給付金（不足額給付/,1,44,2.27%,10.41
https://joseikin-insight.com/grants/【2025年度】東村山市の防犯対策補助金｜最大2万円/,1,43,2.33%,8.77
https://joseikin-insight.com/grants/【2025年】大阪府大学生等食費支援事業｜7000円相当の/,1,43,2.33%,10.02
https://joseikin-insight.com/grants/地域中堅・中核企業向け支援プラットフォーム：-2/,1,43,2.33%,11.12
https://joseikin-insight.com/grants/【2025年】町田市住まいの防犯対策補助金｜防犯カ/,1,42,2.38%,7.93
https://joseikin-insight.com/grants/【2024-2025年】給湯省エネ事業の補助金を解説！エコキ-3/,1,42,2.38%,16.1
https://joseikin-insight.com/grants/【2025年度】松山市脱炭素加速化補助金｜zehで最大110-2/,1,41,2.44%,4.2
https://joseikin-insight.com/grants/【2025年】山梨県の医療機関向け生産性向上支援事/,1,41,2.44%,4.66
https://joseikin-insight.com/grants/墨田区自転車ヘルメット購入助成金：令和7年度-3/,1,40,2.5%,3.2
https://joseikin-insight.com/grants/【2025年】農業機械の電動化促進事業｜環境省の脱-3/,1,40,2.5%,6.12
https://joseikin-insight.com/grants/【2025年度】中野区の私立幼稚園補助金｜入園料・/,1,40,2.5%,6.3
https://joseikin-insight.com/grants/【最大40億円】令和6年度-系統用蓄電池・水電解装/,1,40,2.5%,7.4
https://joseikin-insight.com/grants/【2025年最新】大阪府大東市の事業者向け補助金4選/,1,40,2.5%,7.92
https://joseikin-insight.com/grants/【2025年】鴻巣市の防犯カメラ補助金！個人向け最/,1,39,2.56%,5.69
https://joseikin-insight.com/grants/【2025年度版】目黒区の防犯対策補助金｜最大3万円-3/,1,39,2.56%,6.03
https://joseikin-insight.com/grants/【2025年春日井市】省エネルギー設備投資助成金｜/,1,39,2.56%,8.15
https://joseikin-insight.com/grants/【2025年版】東京都の商店街補助金まとめ｜イベン/,1,38,2.63%,5.03
https://joseikin-insight.com/grants/建築gx・dx推進事業：bim・lca活用で設計・建設を支援【2/,1,38,2.63%,6.61
https://joseikin-insight.com/grants/令和7年度高度無線環境整備推進事業：地方創生を/,1,38,2.63%,7.29
https://joseikin-insight.com/column/【2025年】松山市出産助成金30万！申請方法と注意点/,1,38,2.63%,11.79
https://joseikin-insight.com/grants/日本製鉄、高炉から電炉への転換投資を決定！gx推/,1,37,2.7%,5.59
https://joseikin-insight.com/grants/【2025年】大阪市本社機能立地促進助成金｜最大2400万/,1,37,2.7%,6.97
https://joseikin-insight.com/grants/【令和7年度】コミュニティ助成事業を徹底解説-3/,1,37,2.7%,7.16
https://joseikin-insight.com/grants/【令和7年度】医療機関の生産性向上・職場環境整/?PageSpeed=noscript,1,37,2.7%,7.97
https://joseikin-insight.com/grants/在宅医療・介護現場向け防犯機器導入支援【2025年/,1,36,2.78%,6.58
https://joseikin-insight.com/grants/【一宮市】防犯カメラ・センサーライト購入費補/,1,36,2.78%,7.78
https://joseikin-insight.com/grants/【2025年版】スマート保安実証支援事業費補助金｜-2/,1,35,2.86%,7.2
https://joseikin-insight.com/grants/【2025年度版】練馬区ベビーシッター利用支援事業/,1,35,2.86%,7.71
https://joseikin-insight.com/grants/【2025年-練馬区】住まいの防犯対策緊急助成事業｜-3/,1,35,2.86%,7.89
https://joseikin-insight.com/grants/【令和5年度zeb実証事業】採択結果を解説！大規模/,1,34,2.94%,4.35
https://joseikin-insight.com/grants/【令和8年度】コミュニティ助成事業｜自治会・町/,1,34,2.94%,5.44
https://joseikin-insight.com/grants/【2025年度】つくば市アイラブつくばまちづくり補/,1,34,2.94%,6.24
https://joseikin-insight.com/grants/【2025年千葉県】中小企業成長促進補助金（第2弾）/,1,34,2.94%,7.09
https://joseikin-insight.com/grants/【2025年版】東京都の商店街補助金メニュー一覧｜/,1,34,2.94%,7.41
https://joseikin-insight.com/grants/【2025年-兵庫県】多胎児家庭外出支援事業｜ベビー/,1,34,2.94%,7.65
https://joseikin-insight.com/grants/【2025年版】雨水浸透ます・貯留タンク設置助成金/,1,34,2.94%,12.38
https://joseikin-insight.com/grants/【2025年】コールドチェーン脱フロン補助金｜冷凍-2/,1,33,3.03%,4.33
https://joseikin-insight.com/grants/【2025年版】愛媛県上島町の省エネ家電買換え補助/,1,33,3.03%,4.7
https://joseikin-insight.com/grants/スマートメーター活用dr実証事業｜令和6年度補正/,1,33,3.03%,5.36
https://joseikin-insight.com/grants/【2025年版】東京都の住宅省エネ改修助成金｜窓・/,1,33,3.03%,17.21
https://joseikin-insight.com/grants/【2025年版】茨木市創業促進事業補助金｜最大50万円/,1,32,3.12%,4.91
https://joseikin-insight.com/grants/【2025年最新】サステナブル建築物等先導事業（省co2/,1,32,3.12%,6.5
https://joseikin-insight.com/grants/【2025年開始】こども誰でも通園制度とは？月10時間/,1,32,3.12%,7.38
https://joseikin-insight.com/grants/令和７年度金融機関と連携したサステナビリティ/,1,32,3.12%,8
https://joseikin-insight.com/grants/【2025年門真市】省エネエアコン買い換え補助金｜3/,1,31,3.23%,6.65
https://joseikin-insight.com/grants/【2025年度】札幌市中小企業dx推進補助金を徹底解説-2/,1,31,3.23%,7.03
https://joseikin-insight.com/grants/【2025年度版】豊島区の補助金3選！最大200万円＋家賃/,1,31,3.23%,7.42
https://joseikin-insight.com/grants/東京都介護支援専門員法定研修受講料補助金（令/,1,31,3.23%,7.87
https://joseikin-insight.com/grants/【2025年版】佐倉市住宅用脱炭素化補助金｜太陽光/,1,31,3.23%,9.42
https://joseikin-insight.com/grants/【2025年】守山市の家庭用省エネ補助金｜最大28万円/,1,31,3.23%,13.06
https://joseikin-insight.com/grants/【2025年】三鷹市新エネルギー・省エネ設備設置助-4/,1,31,3.23%,19.55
https://joseikin-insight.com/grants/【2025年9月最新】兵庫県の補助金・助成金一覧！事/,1,30,3.33%,4.4
https://joseikin-insight.com/grants/【2025年】蕨市家庭用防犯カメラ設置費補助金｜最/,1,30,3.33%,4.6
https://joseikin-insight.com/grants/【2025年】原子力産業基盤強化事業補助金を徹底解/,1,30,3.33%,5.17
https://joseikin-insight.com/grants/【2025年版】新潟県介護テクノロジー導入支援補助/,1,30,3.33%,6.3
https://joseikin-insight.com/grants/【台東区】飲食店向け！ハラール・ヴィーガン認/,1,30,3.33%,7.23
https://joseikin-insight.com/grants/【2025年】経済産業省「地域の人事部」支援事業補-2/,1,30,3.33%,8.13
https://joseikin-insight.com/grants/【2025年度】八戸市木質バイオマス利活用促進事業/?PageSpeed=noscript,1,30,3.33%,9.37
https://joseikin-insight.com/grants/【2025年】札幌市中小企業dx推進補助金｜最大500万円でdx/,1,29,3.45%,4
https://joseikin-insight.com/grants/【令和5年度zeb実証事業】採択結果を解説！大規模-2/,1,29,3.45%,5.48
https://joseikin-insight.com/grants/【2025年】静岡県潜在介護支援専門員人材確保事業/,1,29,3.45%,5.52
https://joseikin-insight.com/grants/【2025年】大阪府特区民泊施設環境整備促進補助金/,1,29,3.45%,6.52
https://joseikin-insight.com/grants/【2025年版】特別障害者手当・給付金とは？対象者/,1,29,3.45%,7.24
https://joseikin-insight.com/grants/【2025年】埼玉県-医療機関向け生産性向上給付金｜-2/,1,29,3.45%,8
https://joseikin-insight.com/grants/【2025年最新】東京都の電動バイク助成金｜車両購/,1,29,3.45%,10.66
https://joseikin-insight.com/grants/【2025年】本社機能移転補助金まとめ！オフィス移/,1,28,3.57%,6.11
https://joseikin-insight.com/grants/【2025-2026年】安城市次世代自動車購入補助金｜ev・fcv等/,1,28,3.57%,6.75
https://joseikin-insight.com/grants/【2025年最新】鹿児島県天城町の補助金・助成金一/,1,28,3.57%,7.32
https://joseikin-insight.com/grants/【住居確保給付金2025】離職・休業者の家賃補助｜/,1,28,3.57%,8.39
https://joseikin-insight.com/grants/【2025年最新】高知県の助成金・補助金一覧！中小/,1,27,3.7%,6.48
https://joseikin-insight.com/grants/【2025年度版】大分県地域未来創造総合補助金（旧/,1,27,3.7%,7.3
https://joseikin-insight.com/grants/gxサプライチェーン構築支援事業：脱炭素化を加速/,1,27,3.7%,8.19
https://joseikin-insight.com/grants/【令和7年度】栃木県で狩猟免許を取得！試験日-2/,1,27,3.7%,8.89
https://joseikin-insight.com/grants/【綾瀬市】中学3年生のインフルエンザ予防接種-2/,1,27,3.7%,11.41
https://joseikin-insight.com/grants/【2025年】板橋区高齢者向けエアコン購入費助成金/,1,27,3.7%,11.85
https://joseikin-insight.com/grants/【2025年版】こどもインフルエンザ予防接種の費用/,1,26,3.85%,6.31
https://joseikin-insight.com/grants/【2025年】介護支援専門員ケアマネ研修費用補助金/,1,26,3.85%,14.77
https://joseikin-insight.com/grants/【大阪府】子ども食費支援事業第4弾｜1人7000円相当-3/,1,26,3.85%,15.73
https://joseikin-insight.com/grants/【最大5億円】内航船の省エネ化を支援！ai・iot等を/,1,25,4%,4.88
https://joseikin-insight.com/grants/【愛媛県】医療施設の生産性向上へ給付金｜1施-3/,1,25,4%,5.12
https://joseikin-insight.com/grants/【茨城県】中小企業人材育成支援事業補助金｜dx・/,1,25,4%,5.24
https://joseikin-insight.com/grants/世田谷区商店街イベント支援事業【2025年最新】最/,1,25,4%,5.96
https://joseikin-insight.com/grants/【2025年】果樹農家必見！改植・新植・苗木購入で/,1,25,4%,6.12
https://joseikin-insight.com/grants/【経産省】モビリティdx促進のための無人自動運転/,1,25,4%,6.64
https://joseikin-insight.com/grants/【2025年度】品川区人材スキルアップ支援事業助成/,1,25,4%,6.64
https://joseikin-insight.com/grants/【2025年-兵庫県】自家消費型太陽光発電設備導入補/,1,25,4%,7.08
https://joseikin-insight.com/grants/【2025年神戸市】燃料電池・電気自動車fcv・ev購入補助/,1,25,4%,8.28
https://joseikin-insight.com/grants/【2025年度版】練馬区の防犯対策助成金｜カメラ設/,1,25,4%,9.56
https://joseikin-insight.com/grants/東京都介護老人保健施設整備費補助金：創設・改-2/,1,24,4.17%,7.62
https://joseikin-insight.com/grants/【2025年】花博自然環境助成｜最大100万円！npo・ボラン/,1,24,4.17%,7.79
https://joseikin-insight.com/grants/【2025年】兵庫型奨学金返済支援制度｜中小企業・/,1,24,4.17%,10.5
https://joseikin-insight.com/grants/【2025年度】富里市住宅脱炭素化補助金｜ev・蓄電池/,1,24,4.17%,21.21
https://joseikin-insight.com/grants/【2025年】目黒区sns広告宣伝活動費補助金｜最大10万円/,1,24,4.17%,24.33
https://joseikin-insight.com/grants/令和7年度皮革産業振興対策事業費補助金（団体・/,1,23,4.35%,6.3
https://joseikin-insight.com/grants/【2025年度版】三原市家庭用防犯カメラ設置補助金-2/,1,23,4.35%,6.35
https://joseikin-insight.com/grants/【浜松市】最大30万円！中小事業者等デジタル化支/,1,23,4.35%,6.52
https://joseikin-insight.com/grants/【2025年いすみ市】エネルギー価格高騰対策支援補/,1,23,4.35%,6.61
https://joseikin-insight.com/grants/【港区】子どもタクシー利用券：多子世帯向け移-3/,1,23,4.35%,6.74
https://joseikin-insight.com/grants/令和7年度過疎対策関係予算案：総務省・農水省-2/,1,23,4.35%,7.61
https://joseikin-insight.com/grants/【北九州市】最大100万円！物価高騰対策・生産性/,1,23,4.35%,7.65
https://joseikin-insight.com/grants/【2026年度】文化庁「地域文化財総合活用推進事業/,1,23,4.35%,8.43
https://joseikin-insight.com/grants/アフリカ進出支援！アンカバードファンド伴走支/,1,23,4.35%,22.57
https://joseikin-insight.com/grants/,1,23,4.35%,35.96
https://joseikin-insight.com/grants/港湾脱炭素化促進事業2025年度公募開始！船舶電力/,1,22,4.55%,4.27
https://joseikin-insight.com/grants/【2025年】大阪府奨学金返還支援制度導入促進支援-4/,1,22,4.55%,5.73
https://joseikin-insight.com/grants/大阪府中小企業向け海外展開支援助成金：申請条/,1,22,4.55%,7.18
https://joseikin-insight.com/grants/【2025年】自転車ヘルメット購入補助金まとめ｜最/,1,22,4.55%,7.77
https://joseikin-insight.com/grants/【2025年】名取市空き店舗活用支援事業補助金｜最/,1,22,4.55%,23.09
https://joseikin-insight.com/grants/中小水力発電自治体主導型案件創出調査等支援事-6/,1,21,4.76%,6.24
https://joseikin-insight.com/grants/愛知県-電子処方箋活用普及促進事業費補助金（令/,1,21,4.76%,6.24
https://joseikin-insight.com/grants/【2025年】東京都の商店街開業助成金｜最大694万円！/,1,21,4.76%,6.38
https://joseikin-insight.com/grants/【2025年度】加古川市省エネ設備導入補助金｜最大300/,1,21,4.76%,6.43
https://joseikin-insight.com/grants/【令和7年度】大阪府の宿泊施設・民泊向け補助金3/,1,21,4.76%,6.71
https://joseikin-insight.com/grant-municipality/東京都-江戸川区/,1,21,4.76%,7.05
https://joseikin-insight.com/grants/【2025年度】港区の防犯対策助成金が拡充！上限4万/,1,21,4.76%,7.05
https://joseikin-insight.com/grants/【2025年度】佐倉市住宅用設備等脱炭素化促進事業/,1,21,4.76%,7.81
https://joseikin-insight.com/grants/【2024年版】宮城県大河原町の障害者福祉支援制度-2/,1,21,4.76%,8.43
https://joseikin-insight.com/grants/【2024年】ローカル10000プロジェクトとは？最大5000万円-2/,1,21,4.76%,8.48
https://joseikin-insight.com/grants/令和6年度補正予算-省エネルギー投資促進支援事業/,1,21,4.76%,15.81
https://joseikin-insight.com/grants/【2025年版】千葉県企業立地補助金：最大70億円！優-5/,1,20,5%,3.5
https://joseikin-insight.com/grants/【最大9961万円】休廃止鉱山鉱害防止補助金を徹底/,1,20,5%,4.55
https://joseikin-insight.com/grants/【2025年度】原子力研究開発・産業強化の補助金・-2/,1,20,5%,4.85
https://joseikin-insight.com/grants/【2025-2026年】小田原市地球温暖化対策補助金｜省エネ/,1,20,5%,5.25
https://joseikin-insight.com/grants/【2025年度-令和7年度】宇都宮市ict利活用促進補助金｜/,1,20,5%,5.7
https://joseikin-insight.com/grants/【2025年度】白井市住宅用省エネ設備補助金｜最大25-3/,1,20,5%,6.35
https://joseikin-insight.com/grants/【2025年度】高山市の補助金・助成金一覧｜事業者/,1,20,5%,6.35
https://joseikin-insight.com/grants/【令和7年度】東京都の防犯カメラ・商店街助成-2/,1,20,5%,6.4
https://joseikin-insight.com/grants/令和７年度外国人患者受入れ体制整備支援事業補/,1,20,5%,6.55
https://joseikin-insight.com/grants/【最大3万円】常総市の防犯カメラ設置補助金！個/,1,20,5%,7.1
https://joseikin-insight.com/grants/【神戸市】企業住宅手当等支援補助金｜若者向け/,1,20,5%,7.55
https://joseikin-insight.com/grants/【2025年】大阪府大学生等食費支援事業｜7000円相当の-2/,1,20,5%,8.2
https://joseikin-insight.com/grants/【2025年】電動農機導入に最大2500万円！運輸部門脱炭/,1,20,5%,8.2
https://joseikin-insight.com/grant-tag/板橋区/,1,20,5%,19.7
https://joseikin-insight.com/grants/令和6年度地域独立系統構築支援事業：マイクログ/,1,19,5.26%,4.58
https://joseikin-insight.com/grants/東京都介護老人保健施設整備費補助金：創設・改-4/,1,19,5.26%,4.63
https://joseikin-insight.com/grants/【2025年】大阪狭山市エネルギー価格高騰対策事業-2/,1,19,5.26%,4.68
https://joseikin-insight.com/grants/【令和7年度】石川県能登町の創業・継承支援事業/,1,19,5.26%,5.63
https://joseikin-insight.com/grants/令和7年度フードテックビジネス実証事業：補助金/,1,19,5.26%,5.79
https://joseikin-insight.com/grants/【2025年版】小牧市住宅用省エネ設備補助金｜太陽/,1,19,5.26%,6.11
https://joseikin-insight.com/grants/【2025年】自衛的燃料備蓄補助金（lpガス-石油タンク-2/,1,19,5.26%,6.16
https://joseikin-insight.com/grants/【2025年最新】久留米市-止水板設置補助金｜最大50万-2/,1,19,5.26%,6.26
https://joseikin-insight.com/grants/小型旅客船等の安全設備導入に使える補助金！安/,1,19,5.26%,6.42
https://joseikin-insight.com/grants/【2025年姫路市】ものづくり販路拡大支援補助金｜/,1,19,5.26%,6.58
https://joseikin-insight.com/grants/【2025年度】東京都の防犯カメラ設置補助金｜個人-3/,1,19,5.26%,7.58
https://joseikin-insight.com/grants/【立川市】住まいの防犯対策補助金｜最大3万円-2/,1,19,5.26%,8.05
https://joseikin-insight.com/grants/【柏市】太陽光発電設備設置加速化補助金2025：最/,1,19,5.26%,8.21
https://joseikin-insight.com/grants/新生児聴覚検査機器購入支援事業：自動abr導入で/,1,19,5.26%,8.37
https://joseikin-insight.com/grants/【2025年】浜松市健康経営促進事業費補助金を解説/,1,18,5.56%,4.89
https://joseikin-insight.com/grants/【2025年】潜在保育士の復職を応援！職場体験・奨/,1,18,5.56%,5.22
https://joseikin-insight.com/grants/【2025年】獣害対策補助金｜電気柵・防護柵の費用/,1,18,5.56%,5.5
https://joseikin-insight.com/grants/環境省-令和7年度-循環産業海外展開・脱炭素化促/,1,18,5.56%,6.44
https://joseikin-insight.com/grants/【2025年】東京都-商店街防災力向上補助金｜最大30万/,1,18,5.56%,6.67
https://joseikin-insight.com/grants/東京都構造木質化推進補助金：大臣認定取得・ス/,1,18,5.56%,6.83
https://joseikin-insight.com/grants/【福井県】最大2400万円！県内産業価値づくり支援/,1,18,5.56%,7.94
https://joseikin-insight.com/grants/【2025年度】豊田市の太陽光発電補助金を解説！ev所/,1,18,5.56%,8.06
https://joseikin-insight.com/grants/【2025年度】福岡市ev補助金｜最大60万円！電気自動車-2/,1,18,5.56%,8.56
https://joseikin-insight.com/grants/【米子市】最大1-5万円！高齢者世帯向け防犯機器-2/,1,18,5.56%,11.56
https://joseikin-insight.com/grants/【2025年】認可外保育施設の保育料補助金を徹底解/,1,18,5.56%,11.61
https://joseikin-insight.com/grants/【台東区】経営デジタル化支援助成金｜最大25万-2/,1,17,5.88%,4.59
https://joseikin-insight.com/grants/【2025年最新】市川市子育て世帯同居・近居スター-4/,1,17,5.88%,5.12
https://joseikin-insight.com/grants/【令和7年度】八潮市太陽光発電補助金｜住宅用-2/,1,17,5.88%,6.18
https://joseikin-insight.com/grants/【登別市】おうちの省エネ創エネ促進補助金（2-3/,1,17,5.88%,6.18
https://joseikin-insight.com/grants/【2025年版】大阪府特区民泊補助金｜最大40万円で環/,1,17,5.88%,6.29
https://joseikin-insight.com/grants/【最大5億円】shift事業補助金を徹底解説！工場の脱/,1,17,5.88%,6.76
https://joseikin-insight.com/grants/【2025年】兵庫県の観光・インバウンド補助金！ツ/,1,17,5.88%,7
https://joseikin-insight.com/grants/【2025年度】福島県女性活躍・働く世代の健康づく/,1,17,5.88%,7.06
https://joseikin-insight.com/grants/【2025年度版】長崎県平戸市｜地球温暖化対策設備/,1,17,5.88%,7.18
https://joseikin-insight.com/grants/【2025年-横浜市】飼い主のいない猫不妊去勢手術補/,1,17,5.88%,7.24
https://joseikin-insight.com/grants/it導入補助金2025インボイス枠を徹底解説！補助額や/,1,17,5.88%,8.18
https://joseikin-insight.com/grants/【福岡市】タクシー事業者向け！udタクシー導入で/,1,17,5.88%,8.53
https://joseikin-insight.com/grants/【奄美市】中心市街地での開業・改装を強力支援/,1,17,5.88%,15.65
https://joseikin-insight.com/grants/【2025年度】岩国市放任果樹伐採事業補助金｜鳥獣/,1,16,6.25%,4.75
https://joseikin-insight.com/grants/【2025年】大阪府医療機関bcp策定等補助金｜最大50万円/,1,16,6.25%,5.31
https://joseikin-insight.com/grants/【2025年版】田川市省エネ家電買換促進助成金｜最/,1,16,6.25%,5.44
https://joseikin-insight.com/grants/【2025年版】滋賀県の医療機関向け生産性向上補助/,1,16,6.25%,6.19
https://joseikin-insight.com/grants/【2025年】敦賀市の太陽光発電・蓄電池補助金！最/,1,16,6.25%,6.25
https://joseikin-insight.com/grants/【2025年】三鷹市新エネルギー・省エネ設備設置助-3/,1,16,6.25%,6.44
https://joseikin-insight.com/grants/【横浜市】月額最大2万円！多様な集団活動事業利/,1,16,6.25%,6.62
https://joseikin-insight.com/grants/【2025年】若年がん患者在宅療養支援事業｜最大月5-4/,1,16,6.25%,6.88
https://joseikin-insight.com/grants/【東京23区】認証保育所の保育料助成金まとめ｜最/,1,16,6.25%,7.19
https://joseikin-insight.com/grants/【2025年】八幡浜市の農業支援！みかん農家向け補/,1,16,6.25%,7.19
https://joseikin-insight.com/grants/【2025年版】高齢者向け補聴器購入費助成金まとめ/,1,16,6.25%,10.94
https://joseikin-insight.com/grants/【碧南市】新築住宅建設等促進補助金｜最大10万円/,1,16,6.25%,29.44
https://joseikin-insight.com/grants/【2025年】苫小牧市立地企業サポート事業補助金｜/,1,15,6.67%,4.67
https://joseikin-insight.com/grants/【2025年最新】知多市老朽空家等除却費補助金｜最/,1,15,6.67%,5.2
https://joseikin-insight.com/grants/【2025年度版】岡山市の商業振興支援制度を完全ガ/,1,15,6.67%,5.33
https://joseikin-insight.com/grants/【2025年4次公募】最大2-48億円！医薬品安定供給支援補-3/,1,15,6.67%,5.4
https://joseikin-insight.com/grants/【2025年-令和7年度】新座市エアコン補助金｜最大22-5万/,1,15,6.67%,5.47
https://joseikin-insight.com/grants/【2025年最新】寝屋川市創業・商店街等出店応援事/,1,15,6.67%,5.6
https://joseikin-insight.com/grants/【2025年】八尾市ゼロカーボン推進補助金｜再エネ-2/,1,15,6.67%,5.73
https://joseikin-insight.com/grants/【2025年】伊丹市移住支援金｜東京圏からで最大100万-2/,1,15,6.67%,5.8
https://joseikin-insight.com/grants/【2025年度受付終了】弘前市の空き家補助金！利活/,1,15,6.67%,6.6
https://joseikin-insight.com/grants/【2025年】地熱発電の資源量調査事業費助成金｜jogmecが/,1,15,6.67%,6.93
https://joseikin-insight.com/grants/【2025年】東京都商店街防災力向上緊急支援事業｜/?PageSpeed=noscript,1,15,6.67%,7.67
https://joseikin-insight.com/grants/【2025年最新】東京都アピアランスケア助成金｜ウ-3/,1,15,6.67%,8
https://joseikin-insight.com/grants/【2025年】養育費の公正証書作成費用を補助！最大5/,1,15,6.67%,8.73
https://joseikin-insight.com/grants/【2025年版】岩手県中小企業賃上げ環境整備支援補-4/,1,15,6.67%,8.73
https://joseikin-insight.com/grants/【2025年版】児童養護施設退所者等への自立支援金/,1,15,6.67%,9.53
https://joseikin-insight.com/grants/【2025年最新】平塚市既存住宅断熱リフォーム補助-2/,1,15,6.67%,9.8
https://joseikin-insight.com/grants/【2025年滋賀県】ipoを目指す企業必見！成長展開チャ/,1,15,6.67%,12.07
https://joseikin-insight.com/grant-tag/キュービクル/,1,15,6.67%,20.2
https://joseikin-insight.com/grants/令和7年度-量子技術実用化支援事業【最大2000万円】/,1,14,7.14%,2.14
https://joseikin-insight.com/grants/【2025年二次募集】熊本市商店街出店支援事業｜最/,1,14,7.14%,3.71
https://joseikin-insight.com/grants/令和7年度-伝統工芸品産業振興助成事業【最大800万/,1,14,7.14%,4.5
https://joseikin-insight.com/grants/【2025年開始】こども誰でも通園制度とは？月10時間-4/,1,14,7.14%,4.86
https://joseikin-insight.com/grants/【最大10億円】高知県サテライトオフィス補助金を/,1,14,7.14%,5.5
https://joseikin-insight.com/grants/【2025年】東京都水素ステーション整備補助金｜最-3/,1,14,7.14%,5.71
https://joseikin-insight.com/grants/【2025年度】大阪府-在宅医療体制強化事業補助金｜/,1,14,7.14%,5.86
https://joseikin-insight.com/grants/【2025年度版】新宿区エレベーター防災対策改修支/,1,14,7.14%,5.93
https://joseikin-insight.com/grants/【令和6年度】豊島区の中小企業支援事業補助金を/,1,14,7.14%,6.57
https://joseikin-insight.com/grants/jogmec（エネルギー・金属鉱物資源機構）の支援事業/,1,14,7.14%,7.07
https://joseikin-insight.com/grants/scope3排出量削減！企業間連携省co2設備投資促進事業【/,1,14,7.14%,7.14
https://joseikin-insight.com/grants/【令和7年度】合志市脱炭素推進対策補助金｜最大1/,1,14,7.14%,8.21
https://joseikin-insight.com/grants/【2024年】最大5億円！環境省zeb補助金（建築物等のzeb-3/,1,14,7.14%,9.36
https://joseikin-insight.com/grants/地域脱炭素化を推進！環境省の再エネ・省エネ関/,1,14,7.14%,13.21
https://joseikin-insight.com/grants/【2025年最新】足立区介護職員資格取得支援助成金-2/,1,13,7.69%,3.62
https://joseikin-insight.com/grants/【令和7年度】五條市奨学金返還支援補助金｜年間/,1,13,7.69%,4.69
https://joseikin-insight.com/grants/【2025年版】石垣市特産品販路拡大支援事業補助金/,1,13,7.69%,4.77
https://joseikin-insight.com/grants/【2025年最新】富山県高岡市の補助金まとめ！最大200/,1,13,7.69%,5.31
https://joseikin-insight.com/grants/【zeb実証事業】大規模建築物の省エネ化を支援す-2/,1,13,7.69%,5.69
https://joseikin-insight.com/grants/【沖縄県】令和7年度赤土等流出防止支援事業補助/,1,13,7.69%,6.23
https://joseikin-insight.com/grants/【2025年】千葉県地域商業活性化事業補助金｜商店/,1,13,7.69%,6.38
https://joseikin-insight.com/grants/【西宮市】2025年度介護職員初任者研修等受講費助/,1,13,7.69%,6.92
https://joseikin-insight.com/grants/【2025年版】第三子以降の給食費無償化はいつから/,1,13,7.69%,7.08
https://joseikin-insight.com/grants/【2025年度版】萩市の補助金まとめ！中小企業の事/,1,13,7.69%,7.38
https://joseikin-insight.com/grants/【2025年度】豊島区の私立幼稚園補助金｜入園料最/,1,13,7.69%,7.62
https://joseikin-insight.com/grants/【2025年】千早赤阪村過疎地域持続的発展計画推進/,1,13,7.69%,8.15
https://joseikin-insight.com/grants/【2025年】愛知県移住支援金｜最大200万円以上！東京/,1,13,7.69%,8.85
https://joseikin-insight.com/grants/【2025年版】小規模事業者持続化補助金＜一般型＞/,1,13,7.69%,9.54
https://joseikin-insight.com/grants/【2025年】難聴児補聴器購入費助成金｜神戸市・広/,1,13,7.69%,11.31
https://joseikin-insight.com/grants/新宿区中小企業デジタル化支援補助金/,1,12,8.33%,4.42
https://joseikin-insight.com/grants/【2025年-令和7年度】川崎市農業生産振興対策事業｜/,1,12,8.33%,4.83
https://joseikin-insight.com/grants/【東京都】区市町村食育推進活動支援事業｜最大10/,1,12,8.33%,5.08
https://joseikin-insight.com/grants/【2025年版】国際ルール形成・市場創造型標準化推/,1,12,8.33%,5.67
https://joseikin-insight.com/grants/【越谷市】人間ドック費用を最大10000円助成！国保/,1,12,8.33%,6.25
https://joseikin-insight.com/grants/中小水力発電自治体主導型案件創出調査等支援事-5/,1,12,8.33%,6.25
https://joseikin-insight.com/grants/【姫路市】地域公共交通補助金を解説！バス・タ/,1,12,8.33%,6.33
https://joseikin-insight.com/grants/【会計検査院報告】電気・ガス価格高騰対策の補/,1,12,8.33%,6.42
https://joseikin-insight.com/grants/【2025年最新】三郷市省エネ家電補助金で8万円！エ/,1,12,8.33%,6.92
https://joseikin-insight.com/grants/東京都介護老人保健施設整備費補助金：施設拡充/,1,12,8.33%,7.08
https://joseikin-insight.com/grants/【令和8年度】国際交流支援事業｜最大500万円！自/,1,12,8.33%,7.17
https://joseikin-insight.com/grants/【2024年】革新的原子力技術開発支援事業nexipとは？補/,1,12,8.33%,7.25
https://joseikin-insight.com/grants/【令和7年度】福岡県糸島市の蓄電池・ev補助金！/,1,12,8.33%,8.42
https://joseikin-insight.com/grants/サステナブル倉庫モデル促進事業：co2削減と省人/,1,12,8.33%,9.25
https://joseikin-insight.com/grants/【2025年】豊田市ゼロカーボンドライブ補助金｜最-2/,1,12,8.33%,9.42
https://joseikin-insight.com/grants/【2025年最新】福岡県・九州のev補助金を徹底解説！/?PageSpeed=noscript,1,12,8.33%,9.92
https://joseikin-insight.com/grants/【2025年】東京都私立都認可外通信制高校授業料助-4/,1,12,8.33%,11.5
https://joseikin-insight.com/grants/【2025年度版】長野県木島平村の補助金・助成金一-2/,1,12,8.33%,13.58
https://joseikin-insight.com/grants/【稲沢市】剪定枝処理対策事業費補助金｜植木生/,1,11,9.09%,2.45
https://joseikin-insight.com/grants/【刈谷市】笑顔あふれる地域づくり補助金｜自治/,1,11,9.09%,2.73
https://joseikin-insight.com/grants/【和泉市】いずみ安心住まいる事業｜高齢者向け-2/,1,11,9.09%,3.27
https://joseikin-insight.com/grants/【公募終了】地域マイクログリッド構築支援事業/,1,11,9.09%,4.09
https://joseikin-insight.com/grants/【2025年最新】出産・子育て応援給付金（10万円）が-3/,1,11,9.09%,4.45
https://joseikin-insight.com/grants/【2025年】民放ラジオ難聴解消支援事業｜中継局整/,1,11,9.09%,4.73
https://joseikin-insight.com/grants/【2025年】水力発電補助金ガイド！最大2000万円支援の2/,1,11,9.09%,5.09
https://joseikin-insight.com/grants/【2025年版】不妊治療助成金まとめ｜自治体ごとの/,1,11,9.09%,5.18
https://joseikin-insight.com/grants/【渋川市】防犯カメラ設置補助金｜自治会向けに/,1,11,9.09%,5.64
https://joseikin-insight.com/grants/【鎌ケ谷市】こども誰でも通園制度（乳児等通園/,1,11,9.09%,5.64
https://joseikin-insight.com/grants/【2025年度】妊婦・子育て世帯向け助成金｜産後ケ/,1,11,9.09%,5.91
https://joseikin-insight.com/grants/【2025年度】岡山市の町内会向け補助金｜草刈り機-2/,1,11,9.09%,5.91
https://joseikin-insight.com/grants/【2025年】千葉市保育士宿舎借り上げ支援事業｜最/,1,11,9.09%,6
https://joseikin-insight.com/grants/【安城市】sbt認定で最大50万円！カーボンニュート/,1,11,9.09%,6.64
https://joseikin-insight.com/grants/【2025年】千葉市迷惑電話防止機器補助金｜最大1万-2/,1,11,9.09%,7
https://joseikin-insight.com/grants/【2025年】私立幼稚園の入園料補助金はいくら？最/,1,11,9.09%,7.55
https://joseikin-insight.com/grants/令和6年度補正zeb化・省co2化普及加速事業の公募情報/,1,11,9.09%,7.82
https://joseikin-insight.com/grants/東京都病院診療情報デジタル推進事業：医療連携/,1,11,9.09%,8
https://joseikin-insight.com/grants/【2025年福岡市】空き家活用補助金｜最大250万円！改/,1,11,9.09%,8.18
https://joseikin-insight.com/grants/【2025年福岡市】中小企業奨学金返還支援補助金｜-2/,1,11,9.09%,9.27
https://joseikin-insight.com/grants/【令和7年度】尾張旭市小規模企業等補助金｜最大2/,1,11,9.09%,9.55
https://joseikin-insight.com/grants/【蟹江町】空き家除却費補助金2025：最大20万円！危/,1,11,9.09%,16.55
https://joseikin-insight.com/grant-municipality/nara-吉野郡大淀町/,1,11,9.09%,16.64
https://joseikin-insight.com/grants/【2025年】東京都-中小企業向け特高電力・lpガス支援-4/,1,10,10%,3.2
https://joseikin-insight.com/grants/【2025年】高槻市「将棋のまち推進」補助金｜最大50-2/,1,10,10%,3.4
https://joseikin-insight.com/grants/【2025年度版】尼崎市空き店舗活用補助金｜最大75万-2/,1,10,10%,3.7
https://joseikin-insight.com/grants/【2025-2026年】富士見市再生可能エネルギー補助金｜太/,1,10,10%,3.8
https://joseikin-insight.com/grants/商店街デジタル化推進事業補助金/,1,10,10%,4.8
https://joseikin-insight.com/grants/【2025年】愛知県-配合飼料・粗飼料価格高騰対策支/,1,10,10%,5.4
https://joseikin-insight.com/grants/【2025年度】帯広市介護人材育成支援事業補助金｜/,1,10,10%,5.4
https://joseikin-insight.com/grants/【2025年最新】住居確保給付金（転居費用補助）と-2/,1,10,10%,5.9
https://joseikin-insight.com/grants/【2024年度】東京都のmice助成金｜国際会議開催で最大1-5/,1,10,10%,6.2
https://joseikin-insight.com/grants/【令和7年度】青森圏域除雪オペレーター育成支援/,1,10,10%,6.4
https://joseikin-insight.com/grant-municipality/町田市/,1,10,10%,6.6
https://joseikin-insight.com/grants/【2025年最新】宮城県栗原市の事業者向け補助金・/,1,10,10%,7
https://joseikin-insight.com/grants/【2025年度版】鹿角市-女性若者資格取得支援事業補/,1,10,10%,7.3
https://joseikin-insight.com/grant-municipality/東京都-府中市/,1,10,10%,7.4
https://joseikin-insight.com/grants/【忠岡町】水道料金の基本料金を補助！ひとり親-2/,1,10,10%,7.6
https://joseikin-insight.com/grants/【2025年】東松山市の非課税子育て世帯給付金｜児/,1,10,10%,8
https://joseikin-insight.com/grants/【2024年】マル経融資の利子補給ガイド！自治体の/,1,10,10%,8.2
https://joseikin-insight.com/grants/【2025年版】羽生市住宅改修補助金｜最大10万円！リ/,1,10,10%,8.4
https://joseikin-insight.com/grants/【東京都23区】マル経融資の利子補給制度を徹底解/,1,10,10%,9
https://joseikin-insight.com/grants/【港区】障害者グループホーム整備費補助金｜最/,1,10,10%,10.4
https://joseikin-insight.com/grants/【2024年最新】富山県滑川市の創業者向け補助金3選/?PageSpeed=noscript,1,10,10%,10.6
https://joseikin-insight.com/grants/【2025年度】浜松市スマートハウス補助金｜zeh・蓄電-2/,1,10,10%,13.8
https://joseikin-insight.com/grants/【2025年度】水戸市の太陽光発電補助金｜最大5万円/,1,10,10%,16.6
https://joseikin-insight.com/grant-municipality/miyazaki-児湯郡西米良村/,1,10,10%,19.9
https://joseikin-insight.com/grants/【2025年】笠松町の太陽光発電・蓄電池補助金！最/,1,9,11.11%,3.11
https://joseikin-insight.com/grants/【令和7年度】前橋市設備投資支援補助金を完全解/,1,9,11.11%,3.44
https://joseikin-insight.com/grants/令和7年度-スポーツ指導者育成助成事業【最大250万/,1,9,11.11%,3.78
https://joseikin-insight.com/grants/【相模原市】地域おでかけサポート推進事業｜最/,1,9,11.11%,4
https://joseikin-insight.com/grant-municipality/東京都-世田谷区/,1,9,11.11%,4.33
https://joseikin-insight.com/grants/【令和7年度】富山県の観光補助金！最大100万円で/,1,9,11.11%,4.44
https://joseikin-insight.com/grants/【2025年最新】東村山市中小企業等成長支援補助金-3/,1,9,11.11%,4.44
https://joseikin-insight.com/grants/【2025年-日進市】次世代自動車購入補助金｜最大20万/,1,9,11.11%,4.44
https://joseikin-insight.com/grants/【2025年】大阪府リスキリング支援補助金｜中小企-2/,1,9,11.11%,4.67
https://joseikin-insight.com/grants/【2025年】島根県の企業立地補助金｜最大50補助・税/,1,9,11.11%,4.78
https://joseikin-insight.com/grants/令和7年度-mice誘致促進助成金【最大1500万円】/,1,9,11.11%,5.11
https://joseikin-insight.com/grants/【2025年度】本庄市-太陽光・蓄電池等補助金｜最大10/,1,9,11.11%,5.33
https://joseikin-insight.com/grants/【令和7年度】糸島市創エネルギー推進補助金｜蓄/,1,9,11.11%,6.44
https://joseikin-insight.com/grants/【令和7年度】豊島区商店街プレミアム付地域商-2/,1,9,11.11%,6.44
https://joseikin-insight.com/grants/令和7年度-メディアアート制作支援助成金【最大600/,1,9,11.11%,6.56
https://joseikin-insight.com/grant-municipality/東京都-文京区/,1,9,11.11%,7
https://joseikin-insight.com/grants/【2025年度】高松市移住支援金｜最大100万円＋子育て/,1,9,11.11%,7.11
https://joseikin-insight.com/grants/【2025年】新宿区の定額減税補足給付金とは？対象/,1,9,11.11%,7.44
https://joseikin-insight.com/grants/【2025年版】防災士資格取得費用助成金｜最大全額/,1,9,11.11%,7.56
https://joseikin-insight.com/grants/【2025年】海津市ステップアップ中小企業支援事業/,1,9,11.11%,7.67
https://joseikin-insight.com/grants/【2025年度版】茨城県の家庭用蓄電池補助金！最大5/,1,9,11.11%,7.67
https://joseikin-insight.com/grants/【令和7年度】災害時強靭性向上天然ガス利用設備/,1,9,11.11%,7.78
https://joseikin-insight.com/grant_municipality/mie-樺戸郡新十津川町/,1,9,11.11%,7.89
https://joseikin-insight.com/grants/【2025年度】低濃度pcb助成金とは？中小企業の分析・/,1,9,11.11%,8.11
https://joseikin-insight.com/grants/【令和7年度】鯖江市の中小企業向け奨学金返還支/,1,9,11.11%,8.78
https://joseikin-insight.com/grants/【2025年度最新】北海道音更町の事業者向け補助金-3/,1,9,11.11%,8.78
https://joseikin-insight.com/grants/【2025年版】芦屋市の太陽光・蓄電池補助金！個人/?PageSpeed=noscript,1,9,11.11%,9.11
https://joseikin-insight.com/grants/令和７年度介護休業取得応援奨励金/,1,9,11.11%,9.22
https://joseikin-insight.com/grants/【2025年】ローカル10000プロジェクトとは？最大5000万円-2/,1,9,11.11%,9.33
https://joseikin-insight.com/grants/兵庫県の中小企業必見！奨学金返済支援で最大年18/,1,9,11.11%,9.56
https://joseikin-insight.com/grants/【2025年】三重県工業用lpガス料金高騰対策支援金第2/,1,9,11.11%,10.11
https://joseikin-insight.com/grants/【2025年開始】こども誰でも通園制度｜利用条件・-3/,1,9,11.11%,10.56
https://joseikin-insight.com/grant_municipality/hokkaido-新冠郡新冠町/,1,9,11.11%,11.22
https://joseikin-insight.com/grants/【堺市】泉北ニュータウン版マイホーム借上げ制-3/,1,9,11.11%,13.11
https://joseikin-insight.com/grants/【魚沼市】狩猟免許取得で最大5-4万円！有害鳥獣/,1,8,12.5%,2.38
https://joseikin-insight.com/grants/【最大500万円】通称「ブライダル補助金」を徹底-2/,1,8,12.5%,2.62
https://joseikin-insight.com/grants/【2025年】徳島市テナント店舗等木質化モデル創出/,1,8,12.5%,2.62
https://joseikin-insight.com/grants/令和7年度-伝統文化継承活動支援【最大250万円】/,1,8,12.5%,3
https://joseikin-insight.com/grant_municipality/kagoshima-熊毛郡南種子町/,1,8,12.5%,4.12
https://joseikin-insight.com/grants/【2025年】福知山市自社ecサイト構築支援補助金｜最/,1,8,12.5%,4.12
https://joseikin-insight.com/grants/【東京都】令和6年度認知症高齢者グループホー-4/,1,8,12.5%,4.25
https://joseikin-insight.com/grants/【2025年】多摩市事業者向け重点対策加速化事業補-3/,1,8,12.5%,4.25
https://joseikin-insight.com/grants/【2025年知立市】省エネ家電買替促進補助金｜最大3/,1,8,12.5%,4.25
https://joseikin-insight.com/grants/京都知財連携プロジェクト：知財ビジネスマッチ/,1,8,12.5%,4.5
https://joseikin-insight.com/grants/【2025年】鴻巣市冷蔵庫買い換え補助金｜最大3万円/,1,8,12.5%,4.62
https://joseikin-insight.com/grants/令和7年度福岡県海外出願支援事業：中小企業の海/,1,8,12.5%,4.88
https://joseikin-insight.com/grants/【最大20万円】南あわじ市の若者団体向け地域活性/?PageSpeed=noscript,1,8,12.5%,5
https://joseikin-insight.com/grants/【大阪府】副業・兼業人材活用促進補助金｜最大-2/,1,8,12.5%,5.12
https://joseikin-insight.com/grants/【2025年度】東京都-私立学校等結核予防費補助金｜/,1,8,12.5%,5.38
https://joseikin-insight.com/grants/【最大20万円】富山県ワーケーション助成金を徹-2/,1,8,12.5%,5.62
https://joseikin-insight.com/grants/【2025年】宮崎市のzeb化補助金！まちなか投資倍増プ/,1,8,12.5%,5.62
https://joseikin-insight.com/grants/【函館市】宿泊税システム整備費補助金｜最大50万/,1,8,12.5%,5.88
https://joseikin-insight.com/grants/【2025年】さいたま市省エネ・断熱住宅補助金｜最/,1,8,12.5%,5.88
https://joseikin-insight.com/grants/【2026年最新】小山市省エネ設備導入補助金（第2弾/,1,8,12.5%,5.88
https://joseikin-insight.com/grants/【2025年-鎌倉市】定額減税補足給付金（不足額給付/,1,8,12.5%,6
https://joseikin-insight.com/grants/【2025年】岩手県宮古市の太陽光発電・蓄電池補助/,1,8,12.5%,6.12
https://joseikin-insight.com/grants/【2025年度】印西市の住宅省エネ補助金｜ev・蓄電池/,1,8,12.5%,6.5
https://joseikin-insight.com/grant_municipality/shizuoka-阿蘇郡高森町/,1,8,12.5%,6.75
https://joseikin-insight.com/grant-tag/明和町/,1,8,12.5%,6.88
https://joseikin-insight.com/grants/【2025年】東京都防犯機器購入補助金｜最大2万円！-2/,1,8,12.5%,6.88
https://joseikin-insight.com/grants/【2025年千葉県】電気・ガス料金負担軽減支援事業/,1,8,12.5%,7.12
https://joseikin-insight.com/grants/【令和7年度】松江市外出支援事業補助金｜貸切バ/,1,8,12.5%,7.25
https://joseikin-insight.com/grants/【2025年最新】墨田区民営自転車駐車場運営支援助-4/,1,8,12.5%,7.25
https://joseikin-insight.com/grants/令和7年度-国際文化交流促進助成事業【最大400万円/,1,8,12.5%,7.38
https://joseikin-insight.com/grants/【2025年版】東京都の私立幼稚園補助金はいくら？/,1,8,12.5%,7.5
https://joseikin-insight.com/grant-municipality/藤枝市/,1,8,12.5%,7.75
https://joseikin-insight.com/grants/【2025年】西東京市省エネ家電買い換え助成金｜最-3/,1,8,12.5%,7.75
https://joseikin-insight.com/grants/【2025年丹波篠山国際博】企業協賛・グルメ感謝フ/,1,8,12.5%,8
https://joseikin-insight.com/grants/令和7年度原子力産業基盤強化事業補助金公募開-2/,1,8,12.5%,8
https://joseikin-insight.com/grants/【令和7年度】東京都-多摩産材利用啓発推進事業補/,1,8,12.5%,8.25
https://joseikin-insight.com/grants/【2025年】群馬県藤岡市の太陽光・蓄電池・v2h補助金/,1,8,12.5%,8.25
https://joseikin-insight.com/grants/【最大1500万円】メードインふくしまロボット導入/,1,8,12.5%,8.75
https://joseikin-insight.com/grant_municipality/kumamoto-阿蘇郡小国町/,1,8,12.5%,11.75
https://joseikin-insight.com/grants/【令和7年度】周防大島町-鳥獣被害防止施設等整備/,1,8,12.5%,11.88
https://joseikin-insight.com/grants/【2025年度版】練馬区の防犯対策助成金｜カメラ設/?PageSpeed=noscript,1,8,12.5%,12.75
https://joseikin-insight.com/prefecture/yamaguchi/,1,8,12.5%,17.88
https://joseikin-insight.com/grants/【2025年】タクシー事業者の燃料費を補助！「燃料/?PageSpeed=noscript,1,7,14.29%,4.14
https://joseikin-insight.com/grants/【松本市】最大30万円！中小企業のdx化を支援する/,1,7,14.29%,4.43
https://joseikin-insight.com/grants/【2025年版】守口市不妊検査・治療費助成金｜最大5/,1,7,14.29%,4.43
https://joseikin-insight.com/grants/令和7年度-地域観光資源活用促進事業【最大400万円/,1,7,14.29%,5.14
https://joseikin-insight.com/grants/文京区介護職員奨学金返済支援｜最大月2万円・総/,1,7,14.29%,5.14
https://joseikin-insight.com/grants/【市民団体向け】友好都市・姉妹都市交流事業助-2/,1,7,14.29%,5.43
https://joseikin-insight.com/grants/【2025年】加西市蓄エネ設備導入補助金｜5万円受給/,1,7,14.29%,5.43
https://joseikin-insight.com/grants/ss向け補助金：燃料タンク改修、ベーパー回収設備/,1,7,14.29%,5.57
https://joseikin-insight.com/grants/【2025年-豊田市】自家消費型太陽光発電設備設置費/,1,7,14.29%,5.71
https://joseikin-insight.com/grants/【2025年】港区住まいの防犯対策助成事業｜最大4万-2/,1,7,14.29%,6
https://joseikin-insight.com/grants/【2025年】和泉市コージェネレーションシステム補-2/,1,7,14.29%,6.43
https://joseikin-insight.com/grants/【2025年】埼玉県中小企業奨学金返還支援補助金｜/,1,7,14.29%,6.43
https://joseikin-insight.com/grants/【2025年版】久喜市へ移住する方へ｜通勤・通学の/,1,7,14.29%,7
https://joseikin-insight.com/grant-municipality/可児市/,1,7,14.29%,7.43
https://joseikin-insight.com/grants/【2025年最新】直方市の補助金一覧！創業者向け最/,1,7,14.29%,7.43
https://joseikin-insight.com/grants/【2025年版】東京都の新規就農者向け補助金｜初期/,1,7,14.29%,7.43
https://joseikin-insight.com/grants/【愛西市】自主防犯組織活動補助金｜地域防犯活/,1,7,14.29%,7.57
https://joseikin-insight.com/grants/【2025年】池田市公益活動助成金｜npo・市民団体の地-2/,1,7,14.29%,7.57
https://joseikin-insight.com/grants/【2025年-令和7年度】島根県-魅力ある観光地域づくり/,1,7,14.29%,7.57
https://joseikin-insight.com/grants/【2024年版】外国出願補助金一覧｜中小企業の海外/,1,7,14.29%,7.71
https://joseikin-insight.com/grants/【2025年最新】東京都北区の不燃化促進事業助成金/,1,7,14.29%,7.71
https://joseikin-insight.com/grants/【2025年】別府市空き店舗等利活用補助金｜改修費/,1,7,14.29%,8.14
https://joseikin-insight.com/grants/【2025年版】兵庫県の商店街活性化補助金｜最大400万/,1,7,14.29%,8.57
https://joseikin-insight.com/grants/【稲沢市】デジタルデバイド対策費補助金（令和7/,1,7,14.29%,8.86
https://joseikin-insight.com/grants/【2025年】東京都重症心身障害児等在宅レスパイト-3/,1,7,14.29%,9
https://joseikin-insight.com/grants/グローバルサウス未来志向型共創等事業費補助金-2/,1,7,14.29%,9.14
https://joseikin-insight.com/grants/【2025年度】球磨村省エネ家電買換促進補助金｜上/,1,7,14.29%,9.71
https://joseikin-insight.com/grants/【2025年度最新】長野県飯山市の補助金・助成金一-2/,1,7,14.29%,10
https://joseikin-insight.com/grants/【2025年版】成年後見制度利用支援事業とは？申立/,1,7,14.29%,13
https://joseikin-insight.com/grants/【神戸市】中小企業版sbt認証取得で最大10万円！令/,1,7,14.29%,15
https://joseikin-insight.com/grants/産学連携促進補助金/,1,7,14.29%,27.57
https://joseikin-insight.com/grants/【20万円支給】北海道南空知で路線バス運転手にな/,1,6,16.67%,2.5
https://joseikin-insight.com/grants/【2025年】勝浦市航空防除補助金｜ドローン農薬散/,1,6,16.67%,3.17
https://joseikin-insight.com/grants/【最大48万円】上尾市の保育士就労支援金を徹底-2/,1,6,16.67%,3.5
https://joseikin-insight.com/grants/【2024年】熊本県の外国出願補助金！中小企業等外/,1,6,16.67%,4.5
https://joseikin-insight.com/grants/【2025年度】焼津市ev補助金は5万円！対象者・申請方-2/,1,6,16.67%,5
https://joseikin-insight.com/grants/【座間市】住居確保給付金（転居費用補助）で家-2/,1,6,16.67%,5.17
https://joseikin-insight.com/grants/令和7年度-新規就農者支援事業【最大400万円】/,1,6,16.67%,5.17
https://joseikin-insight.com/grants/【沖縄県】令和7年度おきなわeスポーツ推進事業補/,1,6,16.67%,5.33
https://joseikin-insight.com/grants/【高岡市】空き店舗活用で最大200万円！新規開業/,1,6,16.67%,5.33
https://joseikin-insight.com/grants/【2025年江東区】お店の活力創出支援事業｜最大50万-3/,1,6,16.67%,5.33
https://joseikin-insight.com/grants/【2025年】富山県砺波市の補助金一覧｜起業・就農/,1,6,16.67%,5.5
https://joseikin-insight.com/grants/【2025年】東京都若者世代職場定着促進助成金｜最/,1,6,16.67%,5.5
https://joseikin-insight.com/grants/【2025年】生ごみ処理機補助金ガイド｜最大5万円！/,1,6,16.67%,5.5
https://joseikin-insight.com/grants/【2025年】一関市介護人材確保奨学金補助金｜最大14-4/,1,6,16.67%,5.67
https://joseikin-insight.com/grants/【島根県海士町】ブランドd2c化で関係人口創出！/,1,6,16.67%,5.83
https://joseikin-insight.com/grants/【2025年度】豊中市人材確保促進補助金を徹底解説/,1,6,16.67%,5.83
https://joseikin-insight.com/grants/【沖縄県】文化芸術団体向け補助金！最大1000万円/?PageSpeed=noscript,1,6,16.67%,6
https://joseikin-insight.com/grants/【港区】参加費無料！高輪ほっとひといき子育て-2/,1,6,16.67%,6.17
https://joseikin-insight.com/grants/【2025年】朝倉市の新規就農支援金｜最大1450万円！経/,1,6,16.67%,6.17
https://joseikin-insight.com/grants/【2025年版】八戸市の子ども食堂開設に最大10万円の/,1,6,16.67%,6.17
https://joseikin-insight.com/grants/【2025年】介護支援専門員研修受講料助成金｜東京-2/,1,6,16.67%,6.33
https://joseikin-insight.com/grants/【2025年】千葉県｜ちばの園芸高温対策緊急支援事-2/,1,6,16.67%,6.33
https://joseikin-insight.com/grants/【2025年】幼稚園教諭・保育士向け就労応援給付金/,1,6,16.67%,6.33
https://joseikin-insight.com/grants/【2025年-令和7年度】和歌山市-所得向上補助金｜設備/,1,6,16.67%,6.5
https://joseikin-insight.com/grants/【2025年】大阪府テクノ講座受講支援｜最大3-8万円補-2/,1,6,16.67%,6.67
https://joseikin-insight.com/grants/【2025年】妊婦の遠方出産・健診を支援！交通費・/,1,6,16.67%,6.83
https://joseikin-insight.com/grants/【2025年】朝霞市創エネ・省エネ補助金｜最大50万円/,1,6,16.67%,6.83
https://joseikin-insight.com/grants/【2025年-令和7年】長岡京市の中小企業持続経営支援/,1,6,16.67%,6.83
https://joseikin-insight.com/grants/【2025年-大阪府】中小事業者zev導入補助金｜1台10万円-2/,1,6,16.67%,7
https://joseikin-insight.com/grants/【安城市】高齢者補聴器購入費助成事業｜最大3万/,1,6,16.67%,7.17
https://joseikin-insight.com/grants/【葛飾区・豊島区】外国人学校児童・生徒保護者/,1,6,16.67%,7.5
https://joseikin-insight.com/grants/【2025年最新】宮崎県移住支援金｜最大300万円超！申/,1,6,16.67%,7.5
https://joseikin-insight.com/grants/【2025年】戸田市中学生防災士資格取得支援補助金/,1,6,16.67%,7.83
https://joseikin-insight.com/grants/矢巾町移住支援金｜最大200万円超！申請条件や方/,1,6,16.67%,7.83
https://joseikin-insight.com/grants/【最大50万円】輪島市の小型除雪機購入補助金を徹/,1,6,16.67%,8
https://joseikin-insight.com/grants/【鎌倉市】令和7年度定額減税補足給付金（不足額/,1,6,16.67%,8.33
https://joseikin-insight.com/grants/【2025年度】塩尻市-再エネ・省エネ設備補助金｜太/,1,6,16.67%,13.83
https://joseikin-insight.com/grants/【昭島市】障がい者・高齢者向け歯科医療支援事/,1,6,16.67%,15.67
https://joseikin-insight.com/grants/【2025年度版】奥出雲町住宅整備支援事業補助金｜/,1,6,16.67%,17.67
https://joseikin-insight.com/grants/【最大200万円】小矢部市まちなか等振興事業補助/,1,6,16.67%,19.83
https://joseikin-insight.com/grants/【2025年】群馬県大泉町の店舗リニューアル補助金-3/,1,6,16.67%,19.83
https://joseikin-insight.com/grant_municipality/mie-多気郡大台町/,1,6,16.67%,20.17
https://joseikin-insight.com/grants/【2025年度】当麻町商工業振興事業補助金｜設備投/,1,6,16.67%,20.17
https://joseikin-insight.com/grant-category/芸術支援/,1,6,16.67%,38
https://joseikin-insight.com/grants/?grant_tag=%E5%80%8B%E4%BA%BA,1,6,16.67%,87
https://joseikin-insight.com/grants/【2025年】合併処理浄化槽設置補助金｜最大200万円超/,1,5,20%,1.4
https://joseikin-insight.com/grants/最大50万円！大垣市の個店魅力アップ事業補助金-2/,1,5,20%,3
https://joseikin-insight.com/grants/【2025年】三春町地域計画担い手支援事業補助金｜/,1,5,20%,3.2
https://joseikin-insight.com/grants/【令和7年度】半田市の電気自動車ev購入補助金は10-3/,1,5,20%,3.8
https://joseikin-insight.com/grants/【多胎児家庭向け】国分寺市・中野区・立川区等/,1,5,20%,4
https://joseikin-insight.com/grants/【岡山市】最大2500万円！「地域の未来づくり推進/,1,5,20%,4.4
https://joseikin-insight.com/grants/【2025-2026年】小川町省エネ家電補助金｜エアコン・冷-2/,1,5,20%,4.4
https://joseikin-insight.com/grants/【2025年版】老人クラブ活動助成金とは？最大4-8万円/,1,5,20%,4.6
https://joseikin-insight.com/grants/【2025年】大阪府-在宅医療体制強化事業補助金（機/,1,5,20%,5
https://joseikin-insight.com/grants/【2025年】西宮市戸建住宅zeh化・窓リノベ補助金｜最/,1,5,20%,5
https://joseikin-insight.com/grants/【令和7-9年度】井原市入札参加資格申請ガイド｜/,1,5,20%,5.2
https://joseikin-insight.com/grants/【港区】広告宣伝活動費支援事業補助金2025｜最大40-3/,1,5,20%,5.2
https://joseikin-insight.com/grants/【令和7年度】北九州港の貨物補助金｜コンテナ・/?PageSpeed=noscript,1,5,20%,5.4
https://joseikin-insight.com/grants/【大阪市】港湾荷役機械脱炭素化促進事業補助金-3/,1,5,20%,5.4
https://joseikin-insight.com/grants/【文京区】信用保証料補助金で最大30万円！中小企/,1,5,20%,5.4
https://joseikin-insight.com/grants/【2025年最新】大館市の省エネ補助金！最大100万円でgx/,1,5,20%,5.4
https://joseikin-insight.com/grants/【品川区】人材スキルアップ支援助成金2025｜最大30-2/,1,5,20%,6
https://joseikin-insight.com/grants/【野々市市】町内会の除雪費用を最大15万円補助！/,1,5,20%,6
https://joseikin-insight.com/grants/【熊本県】くまもと型小規模事業者経営発展支援/,1,5,20%,6.4
https://joseikin-insight.com/grants/【2025年】行田市市民活動やる気応援助成金｜最大10/,1,5,20%,6.4
https://joseikin-insight.com/grants/令和7年度-文化財保存活用推進助成事業【最大1000万/,1,5,20%,6.4
https://joseikin-insight.com/grants/【最大50万円】福岡市事業用生ごみ処理機補助金2025/,1,5,20%,7
https://joseikin-insight.com/grants/【2025-2026年】小川町省エネ家電補助金｜エアコン・冷/,1,5,20%,7
https://joseikin-insight.com/grants/【文京区】信用保証料補助金｜最大30万円！対象融/,1,5,20%,7.4
https://joseikin-insight.com/grants/【2025年版】大阪府社会福祉施設等施設整備費補助/,1,5,20%,7.4
https://joseikin-insight.com/grants/都市ガス災害対応レジリエンス強化補助金（令和7/,1,5,20%,7.4
https://joseikin-insight.com/grants/【西宮市】カラス対策ごみネットボックス購入補/,1,5,20%,7.8
https://joseikin-insight.com/grants/【関市】led照明への買い換えで最大1万円補助！関/,1,5,20%,8.4
https://joseikin-insight.com/grants/【2025年】埼玉県lpガス料金負担軽減補助金（第4回）/,1,5,20%,8.4
https://joseikin-insight.com/grants/【2025年度】戸田市ゼロカーボン推進補助金｜太陽/,1,5,20%,8.6
https://joseikin-insight.com/grants/【最大30万円】奈良県五條市の新規就農者支援！農/,1,5,20%,8.8
https://joseikin-insight.com/grant_municipality/wakayama-三方郡美浜町/,1,5,20%,9.2
https://joseikin-insight.com/grants/【2025年】商店街活性化補助金｜東京都・区市町村-2/,1,5,20%,9.8
https://joseikin-insight.com/grants/【2025年最新】豊川市の妊婦支援給付金（5万円）｜/,1,5,20%,10.4
https://joseikin-insight.com/grants/【熊本県】飼い主のいない猫の避妊去勢手術支援/,1,5,20%,10.6
https://joseikin-insight.com/grants/【令和7年度】東京都フリースクール等利用料助-2/,1,5,20%,11
https://joseikin-insight.com/grants/【2024年第3回】くまもと型小規模事業者経営発展支/,1,5,20%,11
https://joseikin-insight.com/grants/【障害者手帳をお持ちの方へ】福祉タクシー・ガ/,1,5,20%,12.2
https://joseikin-insight.com/grants/【大館市】led導入補助金で最大20万円！物価高騰対/,1,5,20%,13.8
https://joseikin-insight.com/grants/【伊勢崎市】介護サービス事業所支援助成金｜物/?PageSpeed=noscript,1,5,20%,21
https://joseikin-insight.com/grants/【2025年度】長崎県新上五島町の太陽光発電・蓄電/,1,5,20%,22.2
https://joseikin-insight.com/grants/【2025年度】南知多町地産地消給食補助金｜農業者-3/,1,5,20%,34.2
https://joseikin-insight.com/grants/?grant_tag=%E8%BE%B2%E6%A5%AD,1,5,20%,72.6
https://joseikin-insight.com/grants/【2025年版】鴻巣市の給湯器補助金｜最大18万円！国/,1,4,25%,1
https://joseikin-insight.com/grants/?search=%7Bsearch_term_string%7D,1,4,25%,1
https://joseikin-insight.com/grants/【2025年版】防災士資格取得費用助成金｜最大全額-2/,1,4,25%,2.25
https://joseikin-insight.com/grants/【兵庫県淡路市】ふるさと産品開発補助金｜最大15/,1,4,25%,2.75
https://joseikin-insight.com/grants/【2025年】高知県津野町の新規出店を応援！最大100万/,1,4,25%,3.25
https://joseikin-insight.com/grants/【東浦町】事業用燃料電池トラック導入で30万円！/,1,4,25%,3.5
https://joseikin-insight.com/grants/【2025年】熊取町産業活性化基金事業補助金｜最大1000-2/,1,4,25%,3.75
https://joseikin-insight.com/grants/【2025年度版】北海道赤平市の起業支援事業補助金/,1,4,25%,3.75
https://joseikin-insight.com/grants/【最大1-4億円】丹波市企業誘致促進補助金を解説/,1,4,25%,4.25
https://joseikin-insight.com/grants/?grant_tag=%E8%84%B1%E7%82%AD%E7%B4%A0,1,4,25%,4.25
https://joseikin-insight.com/grants/【2025年】官民連携基盤整備推進調査費｜インフラ/,1,4,25%,4.5
https://joseikin-insight.com/grants/【2025年】姫路市中小企業向けit化推進補助金｜最大100/,1,4,25%,4.75
https://joseikin-insight.com/grants/【2025年】農業者向け物価高騰対策補助金｜肥料・/,1,4,25%,4.75
https://joseikin-insight.com/grants/【茨城県河内町】省エネ家電買換補助金で最大7万/,1,4,25%,5
https://joseikin-insight.com/grants/【2025年】大分市情報通信関連産業支援助成金｜it企/,1,4,25%,5
https://joseikin-insight.com/grants/【2025年度】函館市公共交通運転手確保事業費補助-2/,1,4,25%,5
https://joseikin-insight.com/grants/【2025年最新】熊取町産業活性化基金事業補助金｜/,1,4,25%,5
https://joseikin-insight.com/grants/【2025年】東浦町にぎわい創出補助金とは？最大30万/,1,4,25%,5.25
https://joseikin-insight.com/grants/【新潟県魚沼市】エアコン購入費を最大5万円助成/,1,4,25%,5.5
https://joseikin-insight.com/grants/【熊本市】重度身体障害者用自動車改造費助成事/,1,4,25%,5.5
https://joseikin-insight.com/grants/【令和7年度】水力発電導入加速化事業費補助金-4/,1,4,25%,5.75
https://joseikin-insight.com/grants/【2025年】兵庫県次世代自動車導入補助金：最大2500万/,1,4,25%,5.75
https://joseikin-insight.com/grants/【2025年】大阪府特区民泊施設環境整備促進補助金-3/,1,4,25%,5.75
https://joseikin-insight.com/grants/【2025年受付終了】東員町省エネ家電購入補助金を/,1,4,25%,5.75
https://joseikin-insight.com/grants/【2025年淡路市】新規起業者支援事業補助金｜最大80/,1,4,25%,5.75
https://joseikin-insight.com/grant-municipality/東京都-目黒区/,1,4,25%,6
https://joseikin-insight.com/grants/【江東区】重症心身障害児者在宅レスパイト支援-3/,1,4,25%,6
https://joseikin-insight.com/grant_municipality/tokyo-大島郡伊仙町/,1,4,25%,6.5
https://joseikin-insight.com/grants/【2025年版】雨水タンク設置補助金ガイド｜最大5万-3/,1,4,25%,6.75
https://joseikin-insight.com/grant_municipality/nagano-綴喜郡宇治田原町/,1,4,25%,7
https://joseikin-insight.com/grants/【兵庫県】イノシシ被害対策事業｜防護柵設置で/,1,4,25%,7
https://joseikin-insight.com/grants/需要家主導型太陽光発電導入支援事業：2025年度最/,1,4,25%,7.5
https://joseikin-insight.com/grants/【令和7年度】富山県の介護・福祉人材向け助成-2/,1,4,25%,7.75
https://joseikin-insight.com/grants/【本庄市】新規就農者向け農業機械導入補助金｜-3/,1,4,25%,8
https://joseikin-insight.com/grants/【2025年】上尾市事業者向け省エネ設備補助金｜led・/,1,4,25%,8
https://joseikin-insight.com/grants/【2025年度版】新潟県の除雪オペレーター必見！大-3/,1,4,25%,8
https://joseikin-insight.com/grant_municipality/ibaraki-筑西市/,1,4,25%,8.25
https://joseikin-insight.com/grants/【2025年】千葉市迷惑電話防止機器補助金｜高齢者-2/,1,4,25%,8.25
https://joseikin-insight.com/grants/【2025年度】荒川区の製造業向け設備投資補助金｜/,1,4,25%,8.5
https://joseikin-insight.com/grant-tag/ccs/,1,4,25%,8.75
https://joseikin-insight.com/grant_municipality/niigata-粟島浦村/,1,4,25%,9.25
https://joseikin-insight.com/grants/【2025年】風しんワクチン接種費用助成｜妊娠希望-3/,1,4,25%,9.25
https://joseikin-insight.com/grants/住宅事業者への感震ブレーカー購入費補助金/,1,4,25%,9.25
https://joseikin-insight.com/grant-municipality/東京都-千代田区/page/7/,1,4,25%,9.5
https://joseikin-insight.com/grants/【最大3万円】鶴岡市のu・iターン就活交通費補助/,1,4,25%,9.75
https://joseikin-insight.com/grants/【米子市】イベント開催応援補助金で最大10万円！/,1,4,25%,10.75
https://joseikin-insight.com/grants/大阪府中小企業向け展示会出展補助金｜最大78万円/?PageSpeed=noscript,1,4,25%,11.25
https://joseikin-insight.com/grants/【2025年】島しょ地域バリアフリー観光整備支援補/,1,4,25%,13.75
https://joseikin-insight.com/grant_municipality/kochi-安芸郡府中町/,1,4,25%,14.5
https://joseikin-insight.com/grants/【高知県香美市】最大50万円！朝ドラ「あんぱん」/?PageSpeed=noscript,1,4,25%,14.75
https://joseikin-insight.com/grants/令和7年度-環境省-ハイブリッド・天然ガストラッ/,1,4,25%,16.5
https://joseikin-insight.com/grants/【2025-26年】中学3年生インフルエンザ予防接種の費用/,1,4,25%,17
https://joseikin-insight.com/grants/?category=%E3%82%B7%E3%82%B9%E3%83%86%E3%83%A0%E5%B0%8E%E5%85%A5,1,4,25%,29.5
https://joseikin-insight.com/grant-municipality/静岡県-静岡市/,1,4,25%,38
https://joseikin-insight.com/grants/【20万円支給】北海道南空知で路線バス運転手に-2/,1,3,33.33%,1.33
https://joseikin-insight.com/grants/【長門市】最大150万円！iot等活用農業推進事業補助/,1,3,33.33%,1.67
https://joseikin-insight.com/grants/【2025年版】江東区の環境認証等取得費補助金｜最/,1,3,33.33%,3
https://joseikin-insight.com/grant-tag/大学発ベンチャー/,1,3,33.33%,3.67
https://joseikin-insight.com/grants/【市民団体向け】友好都市・姉妹都市交流事業助/,1,3,33.33%,3.67
https://joseikin-insight.com/grants/【2025年版】熊本県の景観形成支援事業｜最大100万円/,1,3,33.33%,4
https://joseikin-insight.com/grants/【公募終了】令和6年度再生可能エネルギー電源併/,1,3,33.33%,4.33
https://joseikin-insight.com/grants/【飯田市川路地区限定】最大120万円！脱炭素先行-2/,1,3,33.33%,4.33
https://joseikin-insight.com/grants/【2024年最新】平戸市コンベンション開催事業費補-3/,1,3,33.33%,4.33
https://joseikin-insight.com/grants/【2025年版】川越ものづくりブランドpr補助金｜最大10/,1,3,33.33%,4.33
https://joseikin-insight.com/grants/【2025年】朝倉市創業支援事業補助金｜最大50万円！/,1,3,33.33%,4.67
https://joseikin-insight.com/grants/【令和7年度】名護市の住宅用太陽光発電補助金！/?PageSpeed=noscript,1,3,33.33%,5
https://joseikin-insight.com/grants/【泉大津市】創業時設備導入支援事業補助金｜最-3/,1,3,33.33%,5
https://joseikin-insight.com/grants/【2025年版】農業者向け肥料価格高騰対策補助金｜/,1,3,33.33%,5
https://joseikin-insight.com/grants/空港ev・fcv車両導入支援事業2025年度公募開始！脱炭素/,1,3,33.33%,5
https://joseikin-insight.com/grants/【2025年度版】豊川市ブロック塀等撤去・改修補助/,1,3,33.33%,5.33
https://joseikin-insight.com/grants/【最大20万円】宇部市の人材確保支援補助金｜採用/?PageSpeed=noscript,1,3,33.33%,5.67
https://joseikin-insight.com/grants/【2025年度】藍住町自主防災組織等補助金を解説！/,1,3,33.33%,5.67
https://joseikin-insight.com/grant-tag/川南町/,1,3,33.33%,6
https://joseikin-insight.com/grants/【寝屋川市】養育費の公正証書作成費用を最大4万/,1,3,33.33%,6
https://joseikin-insight.com/grant-municipality/武蔵村山市/,1,3,33.33%,6.33
https://joseikin-insight.com/grants/【2024年版】北海道占冠村の移住・起業支援制度を-3/,1,3,33.33%,6.33
https://joseikin-insight.com/grants/【2025年】福井県小浜市の太陽光・蓄電池補助金！/,1,3,33.33%,6.33
https://joseikin-insight.com/grants/【令和7年度】福島12市町村地域のつながり支援事-4/,1,3,33.33%,6.67
https://joseikin-insight.com/grants/【入間市】高齢者タクシー券助成｜年間最大6000円/,1,3,33.33%,6.67
https://joseikin-insight.com/grants/【最大100万円】横須賀市yrp進出事業者補助金を解説/,1,3,33.33%,6.67
https://joseikin-insight.com/grants/【2025年度】神崎町省エネ家電買い替え補助金｜エ/,1,3,33.33%,6.67
https://joseikin-insight.com/grants/令和7年度zeb化・省co2化普及加速事業補助金：最新情/,1,3,33.33%,6.67
https://joseikin-insight.com/grants/【大府市】自主防犯活動促進事業費補助金｜防犯/,1,3,33.33%,7
https://joseikin-insight.com/grants/【2025年】北谷町子育てサポート給付金｜子ども1人1-2/,1,3,33.33%,7
https://joseikin-insight.com/grants/【保育事業者向け】短時間保育士雇上事業費補助/,1,3,33.33%,7.33
https://joseikin-insight.com/grants/【川越市】物価高騰対策経営改善支援金｜最大10-2/,1,3,33.33%,7.33
https://joseikin-insight.com/grants/【2024年版】日中一時支援事業｜障害児・者の日中-2/,1,3,33.33%,7.33
https://joseikin-insight.com/grants/【2025年度】松本市住まいのゼロカーボン推進補助/,1,3,33.33%,7.33
https://joseikin-insight.com/grants/【あま市】創業促進支援補助金｜最大20万円！申請/,1,3,33.33%,7.67
https://joseikin-insight.com/grants/【北九州市】米国関税措置対策助成金｜最大100万/,1,3,33.33%,7.67
https://joseikin-insight.com/grants/【最大300万円超】山元町移住・定住支援補助金（/,1,3,33.33%,7.67
https://joseikin-insight.com/grants/【2025年版】宮城県伝統的工芸品産業振興費補助金/,1,3,33.33%,7.67
https://joseikin-insight.com/grants/宮崎県-中小企業海外展開支援事業費補助金（海外/,1,3,33.33%,8.67
https://joseikin-insight.com/grants/【杉戸町】介護施設等物価高騰対応事業費補助金-2/,1,3,33.33%,9
https://joseikin-insight.com/grants/【東村山市】自治会向け補助金ガイド2025｜集会施-2/,1,3,33.33%,9
https://joseikin-insight.com/grants/【ニホンザルの社会性解明】サントリー文化財団-2/,1,3,33.33%,9.67
https://joseikin-insight.com/grants/令和7年度-ict活用介護サービス向上助成【最大700万円/,1,3,33.33%,9.67
https://joseikin-insight.com/grant-tag/伊方町/,1,3,33.33%,12
https://joseikin-insight.com/grants/【2025年】蕨市魅力ある店舗づくり支援事業補助金/,1,3,33.33%,14
https://joseikin-insight.com/grant_municipality/余市郡余市町/,1,3,33.33%,16
https://joseikin-insight.com/grant_municipality/kagoshima-和泊町/,1,3,33.33%,16
https://joseikin-insight.com/grant-tag/ベンチ/,1,3,33.33%,23
https://joseikin-insight.com/grants/【美咲町】生ごみ処理機補助金で最大3万円！申請/,1,3,33.33%,29.33
https://joseikin-insight.com/grant-municipality/okayama-笠岡市/,1,2,50%,1
https://joseikin-insight.com/grants/【兵庫県多可町】最大20万円！中小企業販路開拓支/,1,2,50%,2
https://joseikin-insight.com/grants/【柳川市】特定不妊治療（先進医療）助成金｜最-2/,1,2,50%,2
https://joseikin-insight.com/grants/【2025年】串間市経営バトンタッチ推進事業｜事業/,1,2,50%,2
https://joseikin-insight.com/grants/【2025年】南あわじ市イノベーション拠点開設支援/?PageSpeed=noscript,1,2,50%,2
https://joseikin-insight.com/grants/【2025年度】北海道日高町の太陽光発電・蓄電池補/,1,2,50%,2.5
https://joseikin-insight.com/grants/【富山県滑川市】最大100万円！「チャレンジショ/,1,2,50%,3.5
https://joseikin-insight.com/grants/【最大20万円】鹿沼市スマート農業支援事業補助金/,1,2,50%,3.5
https://joseikin-insight.com/grants/【2025年】上尾市dx促進補助金｜最大25万円！申請方法/,1,2,50%,3.5
https://joseikin-insight.com/grants/【2025年江南市】農地防草シート設置費補助金｜雑/,1,2,50%,3.5
https://joseikin-insight.com/grants/【2025年】栃木県小山市sbt認定取得支援補助金｜最大10-2/,1,2,50%,4
https://joseikin-insight.com/grant-municipality/八代郡氷川町/,1,2,50%,4.5
https://joseikin-insight.com/grants/【時津町】太陽光発電・蓄電池設置補助金2025｜個/,1,2,50%,4.5
https://joseikin-insight.com/grants/【荒尾市】奨学金返済を最大60万円支援！30歳以下-2/,1,2,50%,4.5
https://joseikin-insight.com/grants/【2025年】池田市防災士資格取得補助金｜費用の1-2を/,1,2,50%,4.5
https://joseikin-insight.com/grants/【令和7年度】天童市誘客促進交通費支援事業｜貸/,1,2,50%,5
https://joseikin-insight.com/grants/【最大600万円】岩手県葛巻町の起業支援！くずま/,1,2,50%,5
https://joseikin-insight.com/grants/【霧島市】地域公共交通乗務員確保支援事業補助/,1,2,50%,5
https://joseikin-insight.com/grants/【2025年】滑川町エネルギー価格高騰対策臨時支援-2/,1,2,50%,5
https://joseikin-insight.com/grants/【2025年】蒲郡市の企業立地・再投資補助金｜最大10/,1,2,50%,5
https://joseikin-insight.com/grant-municipality/静岡県-浜松市/,1,2,50%,5.5
https://joseikin-insight.com/grants/【2025年最新】生ごみ処理機-補助金ガイド｜最大3万/,1,2,50%,6
https://joseikin-insight.com/grants/【2025年版】ぐんま技術革新チャレンジ補助金を完/,1,2,50%,6
https://joseikin-insight.com/grants/令和7年度-再生医療技術実用化支援【最大1500万円】/,1,2,50%,6
https://joseikin-insight.com/grants/【中野区】マル経融資の利子補給制度｜商工会議-2/?PageSpeed=noscript,1,2,50%,6.5
https://joseikin-insight.com/grants/西粟倉村の助成金・補助金情報まとめ起業支援、/,1,2,50%,6.5
https://joseikin-insight.com/grants/【2025年】朝倉市創業支援事業補助金｜最大50万円！-2/,1,2,50%,7
https://joseikin-insight.com/grants/【2025年】青森県物価高騰対応製材設備等導入緊急/,1,2,50%,7
https://joseikin-insight.com/grants/【令和7年度】野洲市創業支援補助金｜最大20万円/,1,2,50%,7.5
https://joseikin-insight.com/grants/【吹田市】地元企業発注促進補助金｜地域経済活-4/,1,2,50%,7.5
https://joseikin-insight.com/grants/【目黒区】多胎児家庭支援事業「さくらんぼ・め-5/,1,2,50%,7.5
https://joseikin-insight.com/grants/【2025年最新】愛媛県の出産世帯応援補助金｜最大30/,1,2,50%,7.5
https://joseikin-insight.com/grants/【2025年度】出水市新規創業事業等支援補助金｜最/,1,2,50%,8.5
https://joseikin-insight.com/grants/【2025年版】移動支援事業とは？障がい者の外出を/,1,2,50%,9
https://joseikin-insight.com/grant_municipality/kagawa-直島町/,1,2,50%,10.5
https://joseikin-insight.com/grant-tag/調査業務/,1,2,50%,11
https://joseikin-insight.com/grant-tag/アップサイクル/?PageSpeed=noscript,1,2,50%,17.5
https://joseikin-insight.com/grants/【蟹江町】合併処理浄化槽設置補助金｜水質汚濁/,1,2,50%,21
https://joseikin-insight.com/grants/【2024年版】北海道枝幸町の助成金・補助金一覧｜/,1,2,50%,58.5
https://joseikin-insight.com/grants/【山口県防府市】最大50万円！まちの賑わい創出・/?PageSpeed=noscript,1,2,50%,61.5
https://joseikin-insight.com/grants/?category=%E5%8C%BB%E7%99%82%E3%83%BB%E7%A6%8F%E7%A5%89,1,2,50%,64.5
https://joseikin-insight.com/grant-category/安全衛生/,1,1,100%,1
https://joseikin-insight.com/grants/【三木市】鳥獣被害防止対策助成金｜電気柵・金/,1,1,100%,1
https://joseikin-insight.com/grants/【新居浜市】最大100万円！令和7年度-生産性向上機/,1,1,100%,1
https://joseikin-insight.com/grants/【杉並区】訪問系障害福祉サービス事業所人材確-2/,1,1,100%,1
https://joseikin-insight.com/grants/【2026年最新】目黒区専門家活用支援事業助成金｜/,1,1,100%,1
https://joseikin-insight.com/grants/令和7年度-サイバーセキュリティ強化助成【最大600/,1,1,100%,1
https://joseikin-insight.com/grants/令和7年度-ヘルスケア・ライフサイエンス産業支援/,1,1,100%,1
https://joseikin-insight.com/grant-municipality/愛知県-豊橋市/,1,1,100%,2
https://joseikin-insight.com/grant-municipality/行橋市/,1,1,100%,2
https://joseikin-insight.com/grants/【山口県宇部市】農林水産物の商品開発に最大30万/?PageSpeed=noscript,1,1,100%,2
https://joseikin-insight.com/grants/【長岡市】事業組合等の人材採用活動を支援！最/,1,1,100%,2
https://joseikin-insight.com/grants/【2025年度】宍粟市の防犯カメラ設置補助金｜最大12/,1,1,100%,2
https://joseikin-insight.com/grants/【2025年版】長崎県小値賀町の移住・子育て・起業/,1,1,100%,2
https://joseikin-insight.com/grant-municipality/宮崎県-串間市/,1,1,100%,3
https://joseikin-insight.com/grant-tag/和泉市/,1,1,100%,3
https://joseikin-insight.com/grant_municipality/fukuoka-篠栗町/,1,1,100%,3
https://joseikin-insight.com/grants/【令和7年度】久喜市通勤通学者特急券購入費補助/,1,1,100%,3
https://joseikin-insight.com/grants/【泉大津市】創業時設備導入支援補助金｜最大20万/,1,1,100%,3
https://joseikin-insight.com/grants/【福岡市】中小企業向け採用力・定着力向上プロ/,1,1,100%,3
https://joseikin-insight.com/grants/【2025年-令和7年度】上尾市事業者向け省エネ設備補/,1,1,100%,3
https://joseikin-insight.com/grant-municipality/東京都-大田区/,1,1,100%,4
https://joseikin-insight.com/grants/【犬山市】事業継続支援補助金2025：最大100万円！中/,1,1,100%,4
https://joseikin-insight.com/grants/【2025年版】朝倉市の介護職員初任者研修補助金｜/,1,1,100%,4
https://joseikin-insight.com/grant-tag/ワイドfm/,1,1,100%,5
https://joseikin-insight.com/grant-tag/小矢部市/,1,1,100%,5
https://joseikin-insight.com/grant-tag/難視聴/,1,1,100%,5
https://joseikin-insight.com/grants/【埼玉県】70歳雇用確保助成金とは？1社30万円！申/,1,1,100%,5
https://joseikin-insight.com/grants/【最大30万円】有田市インバウンド受入環境整備-2/,1,1,100%,5
https://joseikin-insight.com/grants/【2025年熊谷市】再生可能エネルギー設備補助金｜/,1,1,100%,5
https://joseikin-insight.com/grants/令和7年度-予防医学・未病ケア事業支援【最大1000万/,1,1,100%,5
https://joseikin-insight.com/grant-municipality/秋田県/page/24/,1,1,100%,6
https://joseikin-insight.com/grants/【2025年】甲賀市の女性向け補助金・助成金！起業/,1,1,100%,6
https://joseikin-insight.com/grants/【7000円相当】大阪府大学生等若者への食費支援事/,1,1,100%,6
https://joseikin-insight.com/grants/鶴岡市映画活用による食文化活動促進事業補助金/,1,1,100%,6
https://joseikin-insight.com/grant-municipality/八幡平市/,1,1,100%,7
https://joseikin-insight.com/grant-municipality/岩手県-久慈市/,1,1,100%,7
https://joseikin-insight.com/grant_municipality/shizuoka-伊豆の国市/,1,1,100%,7
https://joseikin-insight.com/grants/【都道府県別】在宅人工呼吸器使用患者支援事業/,1,1,100%,7
https://joseikin-insight.com/grants/【2025年】高知県津野町の新規出店を応援！最大100万/?PageSpeed=noscript,1,1,100%,7
https://joseikin-insight.com/grant-tag/園庭開放/,1,1,100%,9
https://joseikin-insight.com/grants/【匝瑳市】令和8年度防犯カメラ設置補助金予定/,1,1,100%,9
https://joseikin-insight.com/grants/【愛知県】保育所等光熱費高騰対策支援金｜定員1/,1,1,100%,11
https://joseikin-insight.com/grant_municipality/niigata-聖籠町/,1,1,100%,12
https://joseikin-insight.com/grant-municipality/利島村/,1,1,100%,13
https://joseikin-insight.com/grant_municipality/hokkaido-由仁町/,1,1,100%,13
https://joseikin-insight.com/grants/【2025年】大牟田市合理的配慮提供支援助成金｜最-3/,1,1,100%,13
https://joseikin-insight.com/grants/【2025年最新】小竹町の省エネ給湯器補助金｜エコ/,1,1,100%,14
https://joseikin-insight.com/grants/グリーンリカバリー推進補助金/,1,1,100%,16
https://joseikin-insight.com/grant-municipality/大分県/,1,1,100%,18
https://joseikin-insight.com/grant-municipality/大分県-大分市/,1,1,100%,23
https://joseikin-insight.com/grants/【最大72万円】埼玉県美里町の新幹線通勤補助金！/?PageSpeed=noscript,1,1,100%,23
https://joseikin-insight.com/grant-category/地域課題解決/,1,1,100%,37
https://joseikin-insight.com/grants/【2025年】経済産業省フェムテック補助金｜最大1000万/,0,386,0%,4.3
https://joseikin-insight.com/grants/【2025年最新】ものづくり補助金21次締切を徹底解説/,0,271,0%,8.86
https://joseikin-insight.com/grants/【2025年最新】小規模事業者持続化補助金：公募情/,0,245,0%,9.7
https://joseikin-insight.com/grants/【2025年最新】人材開発支援助成金とは？7コースを/,0,215,0%,10.02
https://joseikin-insight.com/grants/【令和7年再開】人材確保等支援助成金（雇用管-2/,0,151,0%,6.43
https://joseikin-insight.com/grants/【2025年最新】東京都の創業助成金｜最大400万円！申/,0,127,0%,6.76
https://joseikin-insight.com/grants/【2025年版】給湯省エネ事業補助金！最大20万円でエ/,0,127,0%,7.42
https://joseikin-insight.com/grants/リスキリングを通じたキャリアアップ支援事業（/,0,127,0%,8.97
https://joseikin-insight.com/grants/【2025年】inpit外国出願補助金｜海外特許出願費用を半/,0,124,0%,6.64
https://joseikin-insight.com/grants/【2025年最新】需要家主導型太陽光発電補助金を徹/,0,118,0%,7.52
https://joseikin-insight.com/grants/先進的設備等活用放送コンテンツ製作促進事業（/,0,110,0%,7.02
https://joseikin-insight.com/grants/【最大10億円】東京都-ゼロエミッションイノベー-2/,0,109,0%,5.85
https://joseikin-insight.com/grants/【2025年名古屋市】定額減税補足給付金（不足額給/,0,107,0%,5.41
https://joseikin-insight.com/grant-category/6次産業化/,0,104,0%,4.82
https://joseikin-insight.com/grants/【2025年度】介護ロボット・ict導入補助金一覧｜全国47-3/,0,104,0%,6.5
https://joseikin-insight.com/grants/【2025年最新】ものづくり補助金（21次締切）完全ガ/,0,102,0%,9.29
https://joseikin-insight.com/grants/【2025年最新】全国補助金一覧！経産省・47都道府県/,0,100,0%,9.02
https://joseikin-insight.com/grants/【2024年版】dx推進補助金・助成金まとめ！中小企業/,0,96,0%,6.65
https://joseikin-insight.com/grants/【令和7年度最新】人材確保等支援助成金（テレワ/,0,94,0%,5.62
https://joseikin-insight.com/grants/【2025年東京都】私立高校授業料軽減助成金｜最大49/,0,94,0%,12.29
https://joseikin-insight.com/grants/伝統的工芸品産業支援補助金：令和7年度の公募情/,0,92,0%,5.95
https://joseikin-insight.com/grants/【2025年】地域公共交通確保維持改善事業を徹底解/,0,92,0%,7.45
https://joseikin-insight.com/grants/【東京都】私立中学校等授業料軽減助成金｜年額-3/,0,89,0%,4
https://joseikin-insight.com/grants/令和7年度一般会計予算：国の予算規模と内訳を徹/,0,87,0%,7.78
https://joseikin-insight.com/grants/福井県-滋賀県-中小企業向け海外出願支援事業：補/,0,83,0%,5.1
https://joseikin-insight.com/grants/【2025年】東京ゼロエミ住宅助成金：最大240万円！申-3/,0,80,0%,6.74
https://joseikin-insight.com/grants/【2024-2025年版】環境省の脱炭素・gx補助金まとめ｜令和/,0,78,0%,6
https://joseikin-insight.com/grants/【2025年版】特許・商標の外国出願費用を半額補助/,0,78,0%,10.22
https://joseikin-insight.com/grants/【2025年】品川区省エネ・業務改善助成金｜最大80万-3/,0,75,0%,7.28
https://joseikin-insight.com/grants/【2025年度】福岡市住宅用エネルギーシステム補助/,0,75,0%,9.32
https://joseikin-insight.com/grants/【2025年】商用車電動化促進事業（トラック）を解/,0,74,0%,5.19
https://joseikin-insight.com/grant-tag/運転士/,0,73,0%,22.12
https://joseikin-insight.com/grants/【2025年-大阪市】集合住宅向け電気自動車充電設備-2/,0,72,0%,7.51
https://joseikin-insight.com/grants/【2025年版】東京都中小企業制度融資を徹底解説！/,0,71,0%,8.79
https://joseikin-insight.com/grants/【2025年最新】卵子凍結の助成金はいくら？東京都/,0,70,0%,9.06
https://joseikin-insight.com/grants/cev補助金・充電インフラ補助金：令和6年度補正予/,0,70,0%,12.07
https://joseikin-insight.com/grants/【令和7年】東京都個人宅向け防犯機器購入助成金/,0,69,0%,8.42
https://joseikin-insight.com/grants/【2025年-船橋市】自転車ヘルメット購入費補助金｜2000/,0,68,0%,7.4
https://joseikin-insight.com/grants/【2025年最新】東京都中小企業向け補助金・助成金/,0,68,0%,10.04
https://joseikin-insight.com/grants/【令和7年度】東京都中小企業向け専門家派遣事-4/,0,65,0%,4.32
https://joseikin-insight.com/grants/【2025年最新】愛知県の企業立地補助金・奨励金ま-2/,0,65,0%,6.89
https://joseikin-insight.com/grants/【2025年最新】小規模事業者持続化補助金＜一般型-18/,0,65,0%,7.68
https://joseikin-insight.com/grants/【2025年】65歳超雇用推進助成金｜定年引上げで最大160-3/,0,65,0%,7.83
https://joseikin-insight.com/grants/【2025年】地域活動助成金を徹底解説！自治会・npo向/,0,64,0%,6.42
https://joseikin-insight.com/grants/【調布市】省エネ設備導入補助金2025：led・リユース-3/,0,64,0%,8.86
https://joseikin-insight.com/grants/【2025年版】gap・有機jas認証の費用を補助！国・自治-2/,0,62,0%,5.95
https://joseikin-insight.com/grants/【2025年安城市】スマートハウス普及促進補助金｜/,0,62,0%,6.37
https://joseikin-insight.com/grants/【2025年最新】東京都中小企業向け補助金・助成金-6/,0,62,0%,6.61
https://joseikin-insight.com/grants/【2025年度】つくば市蓄電池・エコキュート補助金/,0,62,0%,7.95
https://joseikin-insight.com/grants/中小企業デジタルツール導入促進支援事業-2/,0,62,0%,8.11
https://joseikin-insight.com/grants/【2025年度】介護ロボット・ict導入補助金一覧｜全国47/,0,62,0%,10.5
https://joseikin-insight.com/grants/【2025年福岡県版】中小企業向け補助金・助成金一/,0,62,0%,12.9
https://joseikin-insight.com/grants/事業再構築補助金-第10回公募：交付申請の重要ポ/,0,61,0%,6.62
https://joseikin-insight.com/grants/【令和7年度】医療機関向け生産性向上・職場環境/,0,61,0%,8.16
https://joseikin-insight.com/grants/令和7年度経済産業省概算要求の事業概要を徹底解/,0,61,0%,8.28
https://joseikin-insight.com/grants/グローバルサウス未来志向型共創等事業費補助金-7/,0,61,0%,9.41
https://joseikin-insight.com/grants/【2025年】ネット・ゼロ・エネルギー・ビルzeb実証事/,0,60,0%,6
https://joseikin-insight.com/grants/【秋田県】医療機関向け生産性向上補助金｜ict導/,0,60,0%,6.27
https://joseikin-insight.com/grants/【2025年度】神奈川県ev充電設備補助金を徹底解説！/,0,60,0%,6.58
https://joseikin-insight.com/grants/【2025年】品川区ゼロカーボンアクション助成金｜/,0,60,0%,6.93
https://joseikin-insight.com/grants/港区創業・スタートアップ支援事業補助金/,0,60,0%,8.57
https://joseikin-insight.com/grants/【2025年版】省エネ投資促進・需要構造転換支援事/,0,60,0%,8.65
https://joseikin-insight.com/grants/【最大300万円】nedoの2025年度nep開拓コース！対象者・申/,0,59,0%,6.41
https://joseikin-insight.com/grants/【2025年】東京都の創業助成金を徹底解説！最大400万/,0,59,0%,6.86
https://joseikin-insight.com/grants/【2025年9月最新】兵庫県の補助金・助成金一覧｜中/,0,59,0%,8.8
https://joseikin-insight.com/grants/令和7年度-東京都創業助成事業【最大400万円】/,0,59,0%,10.22
https://joseikin-insight.com/grants/【2024年】jogmecの助成金・支援事業を徹底解説！資源開/,0,58,0%,7.07
https://joseikin-insight.com/grants/【2025年版】東京都中小企業制度融資を徹底解説！-3/,0,58,0%,8
https://joseikin-insight.com/grants/【2025年-令和7年度】北見市地域材活用住宅補助金｜/,0,58,0%,8.64
https://joseikin-insight.com/grants/【2025年受付再開】人材確保等支援助成金（雇用管/,0,57,0%,7.18