url,title,description,h1,has_teiki_text
https://joseikin-insight.com/grants/【2025年名古屋市】定額減税補足給付金（不足額給/,【2025年名古屋市】定額減税補足給付金（不足額給付）｜申請方法と対象者を解説,名古屋市の定額減税補足給付金（不足額給付）について解説。対象者には給付金が支給されます。申請方法や条件、給付額などを詳しく解説。最大〇万円の支援を受けられます。,【2025年名古屋市】定額減税補足給付金（不足額給付）｜申請方法と対象者を解説,False
https://joseikin-insight.com/grants/【令和7年再開】人材確保等支援助成金（雇用管-2/,Error: 404 Client Error: Not Found for url: https://joseikin-insight.com/grants/%E3%80%90%E4%BB%A4%E5%92%8C7%E5%B9%B4%E5%86%8D%E9%96%8B%E3%80%91%E4%BA%BA%E6%9D%90%E7%A2%BA%E4%BF%9D%E7%AD%89%E6%94%AF%E6%8F%B4%E5%8A%A9%E6%88%90%E9%87%91%EF%BC%88%E9%9B%87%E7%94%A8%E7%AE%A1-2/,,,False
https://joseikin-insight.com/grants/伝統的工芸品産業支援補助金：令和7年度の公募情/,Error: 404 Client Error: Not Found for url: https://joseikin-insight.com/grants/%E4%BC%9D%E7%B5%B1%E7%9A%84%E5%B7%A5%E8%8A%B8%E5%93%81%E7%94%A3%E6%A5%AD%E6%94%AF%E6%8F%B4%E8%A3%9C%E5%8A%A9%E9%87%91%EF%BC%9A%E4%BB%A4%E5%92%8C7%E5%B9%B4%E5%BA%A6%E3%81%AE%E5%85%AC%E5%8B%9F%E6%83%85/,,,False
https://joseikin-insight.com/grants/【令和7年度最新】人材確保等支援助成金（テレワ/,【令和7年度最新】人材確保等支援助成金（テレワークコース）を完全解説！申請方法から要件まで,令和7年度版「人材確保等支援助成金（テレワークコース）」を専門家が徹底解説。最大35万円の受給額、対象者、申請方法、注意点を網羅。事前計画不要で申請しやすくなった今がチャンスです。,【令和7年度最新】人材確保等支援助成金（テレワークコース）を完全解説！申請方法から要件まで,False
https://joseikin-insight.com/grants/【2024年版】dx推進補助金・助成金まとめ！中小企業/,"Error: HTTPSConnectionPool(host='joseikin-insight.com', port=443): Read timed out. (read timeout=10)",,,False
https://joseikin-insight.com/grants/【2025年最新】全国補助金一覧！経産省・47都道府県/,Error: 404 Client Error: Not Found for url: https://joseikin-insight.com/grants/%E3%80%902025%E5%B9%B4%E6%9C%80%E6%96%B0%E3%80%91%E5%85%A8%E5%9B%BD%E8%A3%9C%E5%8A%A9%E9%87%91%E4%B8%80%E8%A6%A7%EF%BC%81%E7%B5%8C%E7%94%A3%E7%9C%81%E3%83%BB47%E9%83%BD%E9%81%93%E5%BA%9C%E7%9C%8C/,,,False
https://joseikin-insight.com/grants/【2025年最新】ものづくり補助金（21次締切）完全ガ/,Error: 404 Client Error: Not Found for url: https://joseikin-insight.com/grants/%E3%80%902025%E5%B9%B4%E6%9C%80%E6%96%B0%E3%80%91%E3%82%82%E3%81%AE%E3%81%A5%E3%81%8F%E3%82%8A%E8%A3%9C%E5%8A%A9%E9%87%91%EF%BC%8821%E6%AC%A1%E7%B7%A0%E5%88%87%EF%BC%89%E5%AE%8C%E5%85%A8%E3%82%AC/,,,False
https://joseikin-insight.com/grants/【2025年度】介護ロボット・ict導入補助金一覧｜全国47-3/,Error: 404 Client Error: Not Found for url: https://joseikin-insight.com/grants/%E3%80%902025%E5%B9%B4%E5%BA%A6%E3%80%91%E4%BB%8B%E8%AD%B7%E3%83%AD%E3%83%9C%E3%83%83%E3%83%88%E3%83%BBict%E5%B0%8E%E5%85%A5%E8%A3%9C%E5%8A%A9%E9%87%91%E4%B8%80%E8%A6%A7%EF%BD%9C%E5%85%A8%E5%9B%BD47-3/,,,False
https://joseikin-insight.com/grant-category/6次産業化/,6次産業化 → の補助金・助成金一覧,【毎日更新】日本全国の補助金・助成金・給付金の最新情報一覧。助成金インサイトが、国・自治の公募情報を速報でお届けします。地域やカテゴリでの絞り込みも可能。,"6次産業化
の助成金・補助金
2025年度版",False
https://joseikin-insight.com/grants/【2025年最新】東京都の創業助成金｜最大400万円！申/,【2025年最新】東京都の創業助成金｜最大400万円！申請方法と採択のコツを徹底解説,【2025年最新】東京都の創業者向け助成金（最大400万円）を徹底解説！都内で創業予定の方、創業5年未満の方が対象。賃料や広告費に活用できます。申請要件や採択率を高める事業計画書の書き方のコツを詳しく紹介します。,【2025年最新】東京都の創業助成金｜最大400万円！申請方法と採択のコツを徹底解説,False
https://joseikin-insight.com/grants/【2025年度】福岡市住宅用エネルギーシステム補助/,【2025年度】福岡市住宅用エネルギーシステム補助金｜太陽光・蓄電池に最大60万円！,【2025年度】福岡市の住宅用エネルギーシステム導入補助金を徹底解説！太陽光発電、蓄電池、V2H、エコキュートの設置で最大60万円のチャンス。対象者、補助額、申請方法、注意点を分かりやすくまとめました。予算上限あり、工事前の申請が必須です！,【2025年度】福岡市住宅用エネルギーシステム補助金｜太陽光・蓄電池に最大60万円！,False
https://joseikin-insight.com/grants/【2025年】品川区省エネ・業務改善助成金｜最大80万-3/,Error: 404 Client Error: Not Found for url: https://joseikin-insight.com/grants/%E3%80%902025%E5%B9%B4%E3%80%91%E5%93%81%E5%B7%9D%E5%8C%BA%E7%9C%81%E3%82%A8%E3%83%8D%E3%83%BB%E6%A5%AD%E5%8B%99%E6%94%B9%E5%96%84%E5%8A%A9%E6%88%90%E9%87%91%EF%BD%9C%E6%9C%80%E5%A4%A780%E4%B8%87-3/,,,False
https://joseikin-insight.com/grants/【2024-2025年版】環境省の脱炭素・gx補助金まとめ｜令和/,Error: 404 Client Error: Not Found for url: https://joseikin-insight.com/grants/%E3%80%902024-2025%E5%B9%B4%E7%89%88%E3%80%91%E7%92%B0%E5%A2%83%E7%9C%81%E3%81%AE%E8%84%B1%E7%82%AD%E7%B4%A0%E3%83%BBgx%E8%A3%9C%E5%8A%A9%E9%87%91%E3%81%BE%E3%81%A8%E3%82%81%EF%BD%9C%E4%BB%A4%E5%92%8C/,,,False
https://joseikin-insight.com/grants/【2025年】東京ゼロエミ住宅助成金：最大240万円！申-3/,Error: 404 Client Error: Not Found for url: https://joseikin-insight.com/grants/%E3%80%902025%E5%B9%B4%E3%80%91%E6%9D%B1%E4%BA%AC%E3%82%BC%E3%83%AD%E3%82%A8%E3%83%9F%E4%BD%8F%E5%AE%85%E5%8A%A9%E6%88%90%E9%87%91%EF%BC%9A%E6%9C%80%E5%A4%A7240%E4%B8%87%E5%86%86%EF%BC%81%E7%94%B3-3/,,,False
https://joseikin-insight.com/grants/福井県-滋賀県-中小企業向け海外出願支援事業：補/,Error: 404 Client Error: Not Found for url: https://joseikin-insight.com/grants/%E7%A6%8F%E4%BA%95%E7%9C%8C-%E6%BB%8B%E8%B3%80%E7%9C%8C-%E4%B8%AD%E5%B0%8F%E4%BC%81%E6%A5%AD%E5%90%91%E3%81%91%E6%B5%B7%E5%A4%96%E5%87%BA%E9%A1%98%E6%94%AF%E6%8F%B4%E4%BA%8B%E6%A5%AD%EF%BC%9A%E8%A3%9C/,,,False
https://joseikin-insight.com/grants/令和7年度一般会計予算：国の予算規模と内訳を徹/,Error: 404 Client Error: Not Found for url: https://joseikin-insight.com/grants/%E4%BB%A4%E5%92%8C7%E5%B9%B4%E5%BA%A6%E4%B8%80%E8%88%AC%E4%BC%9A%E8%A8%88%E4%BA%88%E7%AE%97%EF%BC%9A%E5%9B%BD%E3%81%AE%E4%BA%88%E7%AE%97%E8%A6%8F%E6%A8%A1%E3%81%A8%E5%86%85%E8%A8%B3%E3%82%92%E5%BE%B9/,,,False
https://joseikin-insight.com/grants/【東京都】私立中学校等授業料軽減助成金｜年額-3/,Error: 404 Client Error: Not Found for url: https://joseikin-insight.com/grants/%E3%80%90%E6%9D%B1%E4%BA%AC%E9%83%BD%E3%80%91%E7%A7%81%E7%AB%8B%E4%B8%AD%E5%AD%A6%E6%A0%A1%E7%AD%89%E6%8E%88%E6%A5%AD%E6%96%99%E8%BB%BD%E6%B8%9B%E5%8A%A9%E6%88%90%E9%87%91%EF%BD%9C%E5%B9%B4%E9%A1%8D-3/,,,False
https://joseikin-insight.com/grants/【2025年】地域公共交通確保維持改善事業を徹底解/,【2025年】地域公共交通確保維持改善事業を徹底解説！国の補助金で持続可能な交通網を,【2025年最新】国土交通省の「地域公共交通確保維持改善事業」をプロが徹底解説！バス路線の維持、ノンステップバス導入、MaaS実証実験など、多様な支援メニューの概要、補助率、申請方法、成功のポイントをわかりやすく紹介します。,【2025年】地域公共交通確保維持改善事業を徹底解説！国の補助金で持続可能な交通網を,False
https://joseikin-insight.com/grants/中小企業デジタルツール導入促進支援事業-2/,Error: 404 Client Error: Not Found for url: https://joseikin-insight.com/grants/%E4%B8%AD%E5%B0%8F%E4%BC%81%E6%A5%AD%E3%83%87%E3%82%B8%E3%82%BF%E3%83%AB%E3%83%84%E3%83%BC%E3%83%AB%E5%B0%8E%E5%85%A5%E4%BF%83%E9%80%B2%E6%94%AF%E6%8F%B4%E4%BA%8B%E6%A5%AD-2/,,,False
https://joseikin-insight.com/grants/【最大300万円】nedoの2025年度nep開拓コース！対象者・申/,【最大300万円】NEDOの2025年度NEP開拓コース！対象者・申請方法を解説,【2025年度公募終了】NEDOのNEP開拓コースは、ディープテック分野で起業を目指す個人に最大300万円の活動費を支援する制度です。対象者、申請方法、過去の採択率（約27%）、採択事例を分かりやすく解説します。,【最大300万円】NEDOの2025年度NEP開拓コース！対象者・申請方法を解説,False
